alpha,lengthCost,freqCost,typWeight,logLikelihood,outputProb
15.833856142886388,2.8579464914992383,0,0.8701326283394938,-1271.2705393611811,-6.907755278982137
15.833856142886388,2.8579464914992383,0,0.8506765921856723,-1269.0032230294237,-6.907755278982137
15.89871161959524,2.9535528917888767,0,0.7069332541964313,-1262.9048096536667,-6.907755278982137
15.826625088294493,2.936889367213212,0,0.7141866339523943,-1262.673403551548,-6.907755278982137
15.789491374473037,2.936889367213212,0,0.7907245684203256,-1263.9221311869273,-6.907755278982137
15.65453352174346,2.856475330138198,0,0.7907245684203256,-1263.5022165593027,-6.907755278982137
15.627210246882829,2.8848766887062594,0,0.7299029570657979,-1262.2632939862426,-6.907755278982137
15.74082490521339,2.8848766887062594,0,0.7162738311738377,-1262.201322054135,-6.907755278982137
15.74082490521339,2.7796408018216,0,0.7162738311738377,-1261.3635275578742,-6.907755278982137
15.781384702794817,2.760622741371349,0,0.6785306552556492,-1262.0832582606095,-6.907755278982137
15.781384702794817,2.760622741371349,0,0.6891568111445523,-1261.6702666948274,-6.907755278982137
15.868538039379855,2.760622741371349,0,0.6891568111445523,-1261.4272183907428,-6.907755278982137
15.925141868855281,2.7933065637592307,0,0.7002398492432816,-1261.2556580195403,-6.907755278982137
15.847709012616736,2.7933065637592307,0,0.7408297724523084,-1261.5324924272675,-6.907755278982137
15.842268802326913,2.7152519537592346,0,0.7175356232855721,-1261.0639240537148,-6.907755278982137
15.786907569999144,2.6243926822628407,0,0.6608563276976359,-1262.2029941550222,-6.907755278982137
15.778752780921154,2.5645825620188196,0,0.6710656848723273,-1261.8368748904954,-6.907755278982137
15.80955993956345,2.5645825620188196,0,0.6710656848723273,-1261.7571106147639,-6.907755278982137
15.80955993956345,2.656935767711767,0,0.7016624640379763,-1261.0889808722543,-6.907755278982137
15.748762440895998,2.7483316164342257,0,0.6931967841596514,-1261.562746710113,-6.907755278982137
15.667188330606141,2.6272669208730686,0,0.7178377010626125,-1261.3923161461455,-6.907755278982137
15.60946582688156,2.6272669208730686,0,0.7133958170001848,-1261.4243798435393,-6.907755278982137
15.638833200397162,2.6351403855784437,0,0.7133958170001848,-1261.36492707706,-6.907755278982137
15.597770843538195,2.6351403855784437,0,0.7083823448311538,-1261.4257787679787,-6.907755278982137
15.654997855589109,2.6962082981553888,0,0.7477732706564071,-1261.7945338099826,-6.907755278982137
15.78297808756868,2.7175207563343804,0,0.7366308878265728,-1261.4235431478437,-6.907755278982137
15.75632396553998,2.7666458689278604,0,0.6868771391111761,-1261.8687290769124,-6.907755278982137
15.779035566933597,2.7568417787408714,0,0.6868771391111761,-1261.727931941022,-6.907755278982137
15.779035566933597,2.74237105095513,0,0.70962417397251,-1261.1878414724158,-6.907755278982137
15.777928609969841,2.742615629370589,0,0.6880038806481561,-1261.6026406174894,-6.907755278982137
15.75058303562057,2.8293518614504483,0,0.7232856972580882,-1261.60608037606,-6.907755278982137
15.872856493414844,2.7289634000693983,0,0.7232856972580882,-1261.1086124939502,-6.907755278982137
15.897720260817419,2.645851009160979,0,0.6936796640981358,-1261.0045507872112,-6.907755278982137
15.953311634654122,2.7195569934245865,0,0.7297187496302461,-1261.2191960492137,-6.907755278982137
16.02226405085386,2.6199051039778456,0,0.6821970522550284,-1260.939872057513,-6.907755278982137
16.00629522320182,2.7070646356216512,0,0.6821970522550284,-1261.007186624684,-6.907755278982137
15.990044431248265,2.715197087316648,0,0.7465391246221718,-1261.8637862081314,-6.907755278982137
15.894576437093583,2.6653865366219733,0,0.7221277354701758,-1261.1875497757558,-6.907755278982137
15.894726985454717,2.5400375984269496,0,0.7221277354701758,-1262.1188555000108,-6.907755278982137
15.894726985454717,2.559300816949863,0,0.7035513691615447,-1261.447200732096,-6.907755278982137
15.874523532460291,2.5187211331383366,0,0.6919547933879143,-1261.6785534573132,-6.907755278982137
15.780636397984276,2.6148086310225405,0,0.6919547933879143,-1261.2799867193053,-6.907755278982137
15.902728843625964,2.4910580436844825,0,0.6919547933879143,-1261.9226747075145,-6.907755278982137
15.902728843625964,2.4999256332463964,0,0.6908118889965608,-1261.8204822895332,-6.907755278982137
15.944438876118973,2.46832579252496,0,0.6908118889965608,-1262.1407441015324,-6.907755278982137
15.899102376555312,2.4249803153457856,0,0.6941793850053938,-1262.8065506599887,-6.907755278982137
16.084403202099992,2.4891177311577954,0,0.6941793850053938,-1261.902456595061,-6.907755278982137
16.027702522034335,2.4825748101085923,0,0.6941793850053938,-1261.9932335213525,-6.907755278982137
16.127812882358285,2.4825748101085923,0,0.6562820300167792,-1261.839074376486,-6.907755278982137
16.03436357513451,2.4825748101085923,0,0.6694373591573788,-1261.8233266620605,-6.907755278982137
16.106937537484598,2.360033783180507,0,0.6749720423122447,-1263.44480830045,-6.907755278982137
16.159066031721608,2.507933446489147,0,0.6444109997404643,-1261.934295898124,-6.907755278982137
16.148137254180746,2.5366658829110236,0,0.6444109997404643,-1261.8442608119617,-6.907755278982137
16.143834363461167,2.588681565238313,0,0.6430398991059755,-1261.8383808861702,-6.907755278982137
16.209962744815336,2.562601734414623,0,0.6430398991059755,-1261.6523655184246,-6.907755278982137
16.124933357991587,2.5867586360005914,0,0.7175784846411174,-1261.5932126972484,-6.907755278982137
16.142570491943367,2.60158455485941,0,0.6568040812865807,-1261.2591378334228,-6.907755278982137
16.167767272160848,2.60158455485941,0,0.7092817376169542,-1261.1946152372298,-6.907755278982137
16.051987294436998,2.7087700595538715,0,0.6639611611106567,-1261.4827988203856,-6.907755278982137
16.051987294436998,2.6654378492492317,0,0.6731610130514901,-1261.021899788115,-6.907755278982137
16.087365212832886,2.6654378492492317,0,0.6731610130514901,-1260.9374604544244,-6.907755278982137
16.066245112559947,2.5881355557514762,0,0.6731610130514901,-1261.0646610722165,-6.907755278982137
16.046952895339636,2.5115531996597915,0,0.6731610130514901,-1261.529247702056,-6.907755278982137
16.135440412928215,2.414354172202851,0,0.7033733989858837,-1263.3733863357752,-6.907755278982137
16.18759240021669,2.412844997772206,0,0.6434473214903969,-1262.665831096446,-6.907755278982137
16.102777601836262,2.4771064048849056,0,0.6434473214903969,-1262.304206162757,-6.907755278982137
16.166159406610923,2.460868635918085,0,0.6797310157731142,-1261.9550348459347,-6.907755278982137
16.239891493448432,2.4449799380093467,0,0.670256021482184,-1262.0014425172408,-6.907755278982137
16.38933925239113,2.355258995609439,0,0.7353343504102232,-1267.6004029459732,-6.907755278982137
16.42836787233842,2.4183685008699354,0,0.6967769619328201,-1263.302321228315,-6.907755278982137
16.534608111498386,2.5027897902129594,0,0.6967769619328201,-1262.0160209694268,-6.907755278982137
16.57120881291817,2.577083639905588,0,0.6967769619328201,-1261.135051387932,-6.907755278982137
16.57120881291817,2.66169185783228,0,0.6967769619328201,-1260.4944652698828,-6.907755278982137
16.70324297573734,2.6950754694387746,0,0.6967769619328201,-1260.372660825922,-6.907755278982137
16.773093353017863,2.7833291083496148,0,0.6967769619328201,-1260.2503320893754,-6.907755278982137
16.85738253057433,2.7833291083496148,0,0.6972392852322989,-1260.2623538968912,-6.907755278982137
16.78221251656419,2.8090259633300745,0,0.663720657577445,-1260.2074239834405,-6.907755278982137
16.663276198789752,2.853887998507187,0,0.7028182004132959,-1260.6265418165162,-6.907755278982137
16.741529357385723,2.953235040040949,0,0.7327395872884314,-1262.103665699976,-6.907755278982137
16.824210495083463,2.996668487201787,0,0.7327395872884314,-1262.47367830366,-6.907755278982137
16.846905176724512,2.9590360503434265,0,0.7256353368979622,-1261.9077424781747,-6.907755278982137
16.956204533706682,2.7743045377926885,0,0.7256353368979622,-1261.7842417883935,-6.907755278982137
16.840667064234804,2.82058080412103,0,0.6806435564793696,-1260.0731085508112,-6.907755278982137
16.855099402856712,2.7943640067256963,0,0.6806435564793696,-1259.9543418705716,-6.907755278982137
16.855099402856712,2.7975675073463924,0,0.6806435564793696,-1259.9648817191987,-6.907755278982137
16.75969281648275,2.882744179345885,0,0.6806435564793696,-1260.6096307172581,-6.907755278982137
16.703820904774723,2.8862771845439825,0,0.6806435564793696,-1260.737115663397,-6.907755278982137
16.68484698174501,2.9623531905966374,0,0.6806435564793696,-1261.672565874763,-6.907755278982137
16.66110455297307,2.9436475318230673,0,0.6898532317313332,-1261.3336946236543,-6.907755278982137
16.747953309079303,2.9350230312790813,0,0.6898532317313332,-1261.094163125714,-6.907755278982137
16.70770388474093,2.8941021399961393,0,0.7068196078903138,-1260.9119367607761,-6.907755278982137
16.75227748498737,2.8769364840579743,0,0.6870514686666829,-1260.5492272446365,-6.907755278982137
16.988781423784904,2.9289487258462894,0,0.6870514686666829,-1260.7270223996359,-6.907755278982137
16.827557705305136,2.981581304385294,0,0.6870514686666829,-1261.5491501601753,-6.907755278982137
16.827557705305136,2.912478668907326,0,0.7106120753338347,-1261.0880324045058,-6.907755278982137
16.701396043259027,2.8299633042096084,0,0.712740049831162,-1260.7923521835687,-6.907755278982137
16.748908550626005,2.78508976491021,0,0.6632649934828315,-1260.1334809220305,-6.907755278982137
16.744666764454525,2.5408541370924502,0,0.6632649934828315,-1260.5556561356916,-6.907755278982137
16.61698461981927,2.613355109018982,0,0.6632649934828315,-1260.1938132295422,-6.907755278982137
16.61698461981927,2.6272146331340767,0,0.6901644997624543,-1260.5020475912868,-6.907755278982137
16.645379146447645,2.7366402481194987,0,0.6507056573999417,-1260.426960991827,-6.907755278982137
16.69935610481009,2.8168283884694754,0,0.7116111381702385,-1260.729625572413,-6.907755278982137
16.67050094327591,2.801412467800402,0,0.6176788372015447,-1262.9178120490376,-6.907755278982137
16.83152013043584,2.7763892822806993,0,0.6176788372015447,-1261.912140556211,-6.907755278982137
16.828322096345843,2.715336549025883,0,0.6213792611023579,-1261.1324499539567,-6.907755278982137
17.017677219612796,2.7368681347513695,0,0.6213792611023579,-1260.6336491775244,-6.907755278982137
16.938608388817883,2.6850212754588325,0,0.6882950699707077,-1260.200712214202,-6.907755278982137
16.822339922221218,2.6850212754588325,0,0.6564150495221845,-1259.8107718394442,-6.907755278982137
16.7482853593112,2.719045118009801,0,0.6564150495221845,-1259.984202653683,-6.907755278982137
16.7482853593112,2.6844206406042006,0,0.6757086270862427,-1259.9203344832458,-6.907755278982137
16.727538937850774,2.7320709082340597,0,0.6757086270862427,-1259.9116670162746,-6.907755278982137
16.728356924715232,2.710234646029085,0,0.6757086270862427,-1259.9047917198689,-6.907755278982137
16.809434879615168,2.5431532110478026,0,0.7123238929695221,-1262.82305470838,-6.907755278982137
16.6437023245135,2.567643778139917,0,0.7123238929695221,-1262.1412209133337,-6.907755278982137
16.609549852957944,2.6082306179122985,0,0.7123238929695221,-1261.61143546146,-6.907755278982137
16.609549852957944,2.514784222926251,0,0.7123238929695221,-1262.848583533996,-6.907755278982137
16.609549852957944,2.5172862861566516,0,0.6906560862079443,-1261.6030253744302,-6.907755278982137
16.611476097785037,2.5759811383451243,0,0.6906560862079443,-1260.9319645131172,-6.907755278982137
16.662658876454525,2.6139357577783344,0,0.6446455247733679,-1260.351659094347,-6.907755278982137
16.673378262594003,2.69611769189333,0,0.6446455247733679,-1260.391886134058,-6.907755278982137
16.744552565619575,2.620222677884004,0,0.6693652406809109,-1260.0756190336267,-6.907755278982137
16.75717265984712,2.6970578332452684,0,0.6610745655760398,-1259.8740598623401,-6.907755278982137
16.598118021951127,2.6220249097178145,0,0.6610745655760398,-1260.1982384962128,-6.907755278982137
16.777008285842406,2.68164122645844,0,0.6610745655760398,-1259.844350995919,-6.907755278982137
16.725658560845044,2.774328573980812,0,0.7125402903985596,-1260.7720536613224,-6.907755278982137
16.704965322897714,2.853299021000458,0,0.7125402903985596,-1260.8517710755543,-6.907755278982137
16.671026502220386,2.829442126976539,0,0.6538255581432288,-1260.9388847061975,-6.907755278982137
16.68902767212912,2.829442126976539,0,0.7326338403595133,-1261.6663321714489,-6.907755278982137
16.85304335711652,2.815254439449527,0,0.6685242388115915,-1260.0536324913883,-6.907755278982137
16.83817781277274,2.8329607884726657,0,0.6721899534042575,-1260.1592879329346,-6.907755278982137
16.782798597212576,2.869652471432876,0,0.6669382701072852,-1260.6455289943053,-6.907755278982137
16.742915866058933,2.80974012659889,0,0.6669382701072852,-1260.2337016048923,-6.907755278982137
16.787353254991572,2.576341223925836,0,0.6716524127703752,-1260.391350430101,-6.907755278982137
16.739644642582615,2.602241013022844,0,0.6716524127703752,-1260.2144839882346,-6.907755278982137
16.739644642582615,2.7198800115166852,0,0.6716524127703752,-1259.8770034313886,-6.907755278982137
16.610397231905495,2.7198800115166852,0,0.7376177456249386,-1262.2376412405533,-6.907755278982137
16.546156660837507,2.6749286475458947,0,0.7376177456249386,-1262.4626045754803,-6.907755278982137
16.63012279091642,2.6749286475458947,0,0.7376177456249386,-1262.6506907243242,-6.907755278982137
16.562025649838635,2.682494851722679,0,0.7376177456249386,-1262.4289329914893,-6.907755278982137
16.476661663999636,2.6004372710048047,0,0.6435061628304781,-1260.8370386133563,-6.907755278982137
16.432937441826297,2.708353805150302,0,0.685749614141802,-1260.251629621643,-6.907755278982137
16.413610331711862,2.763374887998136,0,0.6859737036857041,-1260.3708245613034,-6.907755278982137
16.37074489168888,2.6951560667282264,0,0.6859737036857041,-1260.3233479875832,-6.907755278982137
16.466247206342388,2.6951560667282264,0,0.6574909895865763,-1260.5042431340858,-6.907755278982137
16.546335103904593,2.6951560667282264,0,0.6125369162534506,-1262.7929406732953,-6.907755278982137
16.593494511143437,2.6876159042687835,0,0.6105396864978735,-1262.6920296799485,-6.907755278982137
16.512744192477182,2.4739760587656834,0,0.6105396864978735,-1262.6731673860681,-6.907755278982137
16.43311559072093,2.4739760587656834,0,0.6771310479009732,-1261.6550559046636,-6.907755278982137
16.515633268471554,2.477231959129698,0,0.589524314290019,-1264.3043615732226,-6.907755278982137
16.609065929623,2.474999447012641,0,0.605649367002749,-1262.640697150037,-6.907755278982137
16.63428953862311,2.474999447012641,0,0.6713878262976378,-1261.4944504058697,-6.907755278982137
16.68809695927702,2.474999447012641,0,0.6713878262976378,-1261.5024665147737,-6.907755278982137
16.601835387454965,2.421673481212249,0,0.6713878262976378,-1262.2923928305038,-6.907755278982137
16.481083014103916,2.503881434233608,0,0.6604144420875873,-1261.0759245452662,-6.907755278982137
16.41377217223104,2.5721161280252933,0,0.6604144420875873,-1260.6807377812934,-6.907755278982137
16.279365958155005,2.5514188878741075,0,0.6938791788043035,-1261.2009827817765,-6.907755278982137
16.089802152125745,2.5596505505224005,0,0.6467585459653217,-1261.8599813466626,-6.907755278982137
16.17150041561531,2.6307005897090185,0,0.6959711353278827,-1260.7337569022145,-6.907755278982137
16.290817399069734,2.7323380568786484,0,0.7460488260930204,-1262.1323719555182,-6.907755278982137
16.349119231006185,2.7366177103716542,0,0.7113711803752234,-1260.6752762664607,-6.907755278982137
16.384742107315294,2.7787520416393816,0,0.7157721514201888,-1260.783315975919,-6.907755278982137
16.46032344432336,2.6966879700727957,0,0.7164808408331145,-1260.9932348423267,-6.907755278982137
16.491513095863965,2.802418537445961,0,0.6948012753083412,-1260.4307855833579,-6.907755278982137
16.396594799367346,2.782815273922445,0,0.6834923644315525,-1260.4965311328583,-6.907755278982137
16.431852019986067,2.7929972791890423,0,0.6834923644315525,-1260.4881607967436,-6.907755278982137
16.5323753770535,2.7929972791890423,0,0.6674920371412325,-1260.555436023854,-6.907755278982137
16.637968885744318,2.7348023439731386,0,0.649135638865153,-1260.4907697018373,-6.907755278982137
16.640341877225026,2.7749485056139007,0,0.6286235091793553,-1261.8699653253027,-6.907755278982137
16.83402847276307,2.7749485056139007,0,0.6286235091793553,-1261.1443831182098,-6.907755278982137
16.835463195664044,2.684069196501436,0,0.6378124511244502,-1260.179737183819,-6.907755278982137
16.953502416696956,2.7358554084025046,0,0.6378124511244502,-1260.075483648252,-6.907755278982137
16.953502416696956,2.764820797569749,0,0.6378124511244502,-1260.2423309410437,-6.907755278982137
16.964372290053998,2.9158554804551087,0,0.6501272562737235,-1261.2599233352964,-6.907755278982137
17.16417547361508,2.890843283202047,0,0.722610147721683,-1261.7724396105475,-6.907755278982137
17.16176300983431,2.87190934513125,0,0.7090229228858375,-1260.990780062372,-6.907755278982137
16.99248707022243,2.9052400383379937,0,0.6371944855297176,-1261.654989186845,-6.907755278982137
17.23409660133835,2.900724301164342,0,0.6371944855297176,-1260.8251400898441,-6.907755278982137
17.203905864927158,2.8101836736378982,0,0.6667481232747965,-1259.5983869135873,-6.907755278982137
17.200864620895185,2.9004450842987533,0,0.6667481232747965,-1260.1890390375013,-6.907755278982137
17.240395293712687,2.9004450842987533,0,0.6667481232747965,-1260.1352190582463,-6.907755278982137
17.25382641636278,2.822787596821276,0,0.6667481232747965,-1259.6080915686823,-6.907755278982137
17.38344737189382,2.7576407268073972,0,0.6372665957067843,-1259.2784946602114,-6.907755278982137
17.393173489033053,2.7576407268073972,0,0.6372665957067843,-1259.2621065429464,-6.907755278982137
17.36327553654319,2.7229022610300166,0,0.671676904409062,-1259.617824306555,-6.907755278982137
17.338340800181353,2.661888360664511,0,0.6311296351692997,-1259.3037659947452,-6.907755278982137
17.338340800181353,2.620563707562462,0,0.6522060631796094,-1259.5440281995116,-6.907755278982137
17.472300524015985,2.620563707562462,0,0.6123765798163953,-1259.498092726678,-6.907755278982137
17.477575421669123,2.620563707562462,0,0.6532645460021812,-1259.570872602531,-6.907755278982137
17.487413888556848,2.5190961572888053,0,0.6532645460021812,-1260.6284665130834,-6.907755278982137
17.493314903976785,2.614977215094353,0,0.6478551209684946,-1259.462013823058,-6.907755278982137
17.493314903976785,2.636077858921662,0,0.6289211523995487,-1259.160890144894,-6.907755278982137
17.493314903976785,2.5394115578979286,0,0.6402629867174204,-1259.932610281386,-6.907755278982137
17.34444910819757,2.4767376121359765,0,0.6466092279342077,-1260.8732791325044,-6.907755278982137
17.27801496324578,2.535643655668991,0,0.6643545932137027,-1260.741217471645,-6.907755278982137
17.301522954549878,2.564477570459724,0,0.6643545932137027,-1260.4153817933843,-6.907755278982137
17.496259547927384,2.59837724516495,0,0.6211454049096776,-1259.3523825450177,-6.907755278982137
17.441529225438416,2.524590016262416,0,0.6211454049096776,-1259.888351474648,-6.907755278982137
17.371477501259392,2.6585835507203814,0,0.6211454049096776,-1259.4402062909162,-6.907755278982137
17.54915698704506,2.8135876480885584,0,0.6211454049096776,-1259.7004648582833,-6.907755278982137
17.52139277134974,2.7286590616548625,0,0.7282011518082282,-1263.9090979882155,-6.907755278982137
17.432523024563455,2.8567247245575147,0,0.6575927060712845,-1259.5735407528714,-6.907755278982137
17.514978752870483,2.8178126832523023,0,0.6371539689279648,-1259.3618692938458,-6.907755278982137
17.639224343633515,2.804831640358182,0,0.6425336064382046,-1259.0629411380119,-6.907755278982137
17.639224343633515,2.665374012856662,0,0.6457598823190722,-1259.1105877490022,-6.907755278982137
17.639224343633515,2.6967904676666175,0,0.6457598823190722,-1258.9994347652053,-6.907755278982137
17.686608768410508,2.6967904676666175,0,0.6443465436002016,-1258.95830852595,-6.907755278982137
17.686608768410508,2.6909036932374226,0,0.6283535095548626,-1258.835503477223,-6.907755278982137
17.648388414536846,2.7567914514602285,0,0.5931028022456194,-1260.4264086241724,-6.907755278982137
17.67404739095769,2.806639317457042,0,0.6557390595278103,-1259.1596070021753,-6.907755278982137
17.748976367444392,2.818460035432114,0,0.6809418483436893,-1260.1072360889955,-6.907755278982137
17.67561671810973,2.9143512940664187,0,0.6809418483436893,-1260.260999537243,-6.907755278982137
17.608988077223913,2.9143512940664187,0,0.6460299819175668,-1259.8833653717552,-6.907755278982137
17.614840118955094,2.998962379596732,0,0.6460299819175668,-1260.955659036821,-6.907755278982137
17.768783309025487,2.998962379596732,0,0.6460299819175668,-1260.651350677338,-6.907755278982137
17.744695167877076,2.956214714820744,0,0.6460299819175668,-1260.1302613508801,-6.907755278982137
17.670834629773314,2.981410646725781,0,0.6460299819175668,-1260.586419762126,-6.907755278982137
17.80766836219491,2.841783026007342,0,0.6770807248750249,-1259.964722202858,-6.907755278982137
17.841230588929317,2.8397347797116055,0,0.6770807248750249,-1259.9938262409748,-6.907755278982137
17.787852745570614,2.929466318607163,0,0.6770807248750249,-1260.239649255844,-6.907755278982137
17.762293224137757,2.9212512997654647,0,0.6596745646824445,-1259.7671110091605,-6.907755278982137
17.756984807164617,2.9212512997654647,0,0.6527667659031348,-1259.7176481418971,-6.907755278982137
17.744767294105408,2.9212512997654647,0,0.6527667659031348,-1259.730234410978,-6.907755278982137
17.65207844391832,2.73975333533192,0,0.6629488069010906,-1259.362339824331,-6.907755278982137
17.56039600645959,2.782266524566186,0,0.6629488069010906,-1259.308330569388,-6.907755278982137
17.60709832723171,2.805419789285392,0,0.6629488069010906,-1259.329660334982,-6.907755278982137
17.60709832723171,2.8619470048968774,0,0.6765075207390489,-1259.8668921050382,-6.907755278982137
17.57886329958957,2.7978141039494044,0,0.6765075207390489,-1259.769462200376,-6.907755278982137
17.499474482402942,2.7733595414798473,0,0.6496647048128561,-1259.1165534248794,-6.907755278982137
17.407462147178574,2.664909862760781,0,0.6633333857910594,-1259.593501076392,-6.907755278982137
17.377663266951025,2.664909862760781,0,0.6954430677353203,-1261.2548634458035,-6.907755278982137
17.41425020327198,2.7391029242910543,0,0.6954430677353203,-1260.761645087036,-6.907755278982137
17.339899998581444,2.7391029242910543,0,0.6954430677353203,-1260.6507421749404,-6.907755278982137
17.421968843009246,2.736962398233512,0,0.6268023343065479,-1259.344729730956,-6.907755278982137
17.400542872465557,2.736962398233512,0,0.643363874265644,-1259.142238236773,-6.907755278982137
17.43093280197708,2.8183398036062624,0,0.6396820758717104,-1259.4712907148323,-6.907755278982137
17.584088414297447,2.8521257580543224,0,0.6730525163715743,-1259.720427991913,-6.907755278982137
17.463102793377306,2.850034540360074,0,0.6541205762683389,-1259.4949656316655,-6.907755278982137
17.4075809633699,2.8103302457203125,0,0.6376634286859442,-1259.501150194587,-6.907755278982137
17.32304098796567,2.78010070600219,0,0.6376634286859442,-1259.4831829119946,-6.907755278982137
17.202334097620323,2.796640608519592,0,0.6799588957241741,-1259.7888040374326,-6.907755278982137
17.241841061956766,2.8104394946022557,0,0.6799588957241741,-1259.807685170969,-6.907755278982137
17.28945315908473,2.8679060452690175,0,0.6799588957241741,-1259.9940256444206,-6.907755278982137
17.252260176039627,2.853445263821168,0,0.6799588957241741,-1259.93864992995,-6.907755278982137
17.28108244225451,2.934099794901247,0,0.6520193856919896,-1260.627459431565,-6.907755278982137
17.39665646706258,2.842714584299657,0,0.6949034300905993,-1260.4721654528782,-6.907755278982137
17.333808410747885,2.8626623440582692,0,0.672058756108747,-1259.8064435890208,-6.907755278982137
17.457267971996863,2.8045173702321824,0,0.672058756108747,-1259.5777770438444,-6.907755278982137
17.53461867890806,2.8605049677233465,0,0.672058756108747,-1259.7241804235077,-6.907755278982137
17.53461867890806,2.6244459924683152,0,0.672058756108747,-1260.4035591998431,-6.907755278982137
17.34192017802129,2.467199347368194,0,0.6015746954942826,-1260.8536411954947,-6.907755278982137
17.409564004896197,2.517578493065787,0,0.6238103785908048,-1259.9789426227949,-6.907755278982137
17.45801228623801,2.6548971004849835,0,0.6056043889059536,-1259.779014773438,-6.907755278982137
17.47880525544845,2.590203041108163,0,0.6056043889059536,-1259.7535562884543,-6.907755278982137
17.516372830285263,2.5155752365771233,0,0.5897455911371087,-1260.5725069822784,-6.907755278982137
17.54218437172639,2.5155752365771233,0,0.665053935923057,-1261.3817272690183,-6.907755278982137
17.53097703287238,2.5155752365771233,0,0.665053935923057,-1261.3642515465235,-6.907755278982137
17.547138975993416,2.6315945310174973,0,0.6389097446116762,-1259.177026441736,-6.907755278982137
17.45069242076767,2.730647747499921,0,0.6751568615314937,-1259.7665800399966,-6.907755278982137
17.411454775622577,2.6380403298698583,0,0.5995098737324696,-1260.1807573892581,-6.907755278982137
17.582650753745405,2.580921707667426,0,0.6386838706303659,-1259.4984063204636,-6.907755278982137
17.534355997942907,2.659985625362504,0,0.6386838706303659,-1259.065569036484,-6.907755278982137
17.446760834285936,2.6432228154167534,0,0.6386838706303659,-1259.190121786197,-6.907755278982137
17.485181452332725,2.6006174971552323,0,0.6122013968627364,-1259.519932665521,-6.907755278982137
17.432046708543723,2.668855044805575,0,0.6122013968627364,-1259.5978296949665,-6.907755278982137
17.5809353098293,2.668855044805575,0,0.6304459860650569,-1258.9760928058242,-6.907755278982137
17.616549171431238,2.5925704054253664,0,0.5829169422632203,-1260.4824933099467,-6.907755278982137
17.765905503166884,2.5925704054253664,0,0.6276875374065058,-1259.1560473424256,-6.907755278982137
17.828799583271014,2.5484984164726248,0,0.6694448914023341,-1261.7224675853977,-6.907755278982137
17.679084526889696,2.6063844633673763,0,0.6694448914023341,-1260.6455391503614,-6.907755278982137
17.767590064568928,2.53523324296701,0,0.5910071324622505,-1259.835043796134,-6.907755278982137
17.667833952217247,2.5771997855000026,0,0.622455481500048,-1259.2746259733049,-6.907755278982137
17.66831168183879,2.5417349941200973,0,0.5755152414698373,-1260.8433382450078,-6.907755278982137
17.81783443112511,2.5723917339816404,0,0.5755152414698373,-1260.332748678645,-6.907755278982137
17.87807234144443,2.550933022606577,0,0.5755152414698373,-1260.1952457402524,-6.907755278982137
17.884337797073073,2.4658598191655905,0,0.5755152414698373,-1260.626623150137,-6.907755278982137
17.902189802698096,2.451115589708359,0,0.6041591902009198,-1260.2571930027934,-6.907755278982137
17.902189802698096,2.383473740094413,0,0.5914632988684485,-1261.2013677425082,-6.907755278982137
17.91883802298139,2.2748937450731557,0,0.5927216648406379,-1263.2752161729134,-6.907755278982137
17.98242251808097,2.2748937450731557,0,0.5927216648406379,-1263.2632489196337,-6.907755278982137
17.996180418637334,2.3076017937657824,0,0.5927216648406379,-1262.5396208096518,-6.907755278982137
18.030270400342147,2.3372473467569126,0,0.5927216648406379,-1261.930029987729,-6.907755278982137
17.794646796102718,2.4028042982977427,0,0.5927216648406379,-1261.024292149686,-6.907755278982137
17.84348473411555,2.415649234221992,0,0.5535256662518591,-1262.4439086476307,-6.907755278982137
17.93831966757039,2.4888709954122037,0,0.6025947287970482,-1259.771471712558,-6.907755278982137
17.98555323818245,2.572898696671505,0,0.6132519760006627,-1259.0195933822258,-6.907755278982137
18.017685822791684,2.7144565028288117,0,0.6132519760006627,-1258.5275467116273,-6.907755278982137
18.017685822791684,2.7691564094304595,0,0.6132519760006627,-1258.6678433895718,-6.907755278982137
18.106496846654004,2.7214940350859766,0,0.6132519760006627,-1258.4187135005272,-6.907755278982137
18.14807014798754,2.723914404852791,0,0.6444497464155,-1258.930598133633,-6.907755278982137
18.16492481018232,2.7818491736489896,0,0.6727824713308523,-1260.2871442441196,-6.907755278982137
18.16492481018232,2.9001661840352275,0,0.6121214968427104,-1259.4253681100965,-6.907755278982137
18.22844405218021,2.760389573772194,0,0.6484373930988698,-1259.0333859403906,-6.907755278982137
18.262676392866936,2.7593382553670005,0,0.6484373930988698,-1259.061571794307,-6.907755278982137
18.18560362978888,2.838559293824952,0,0.6454240436040264,-1258.9106571088914,-6.907755278982137
18.09247270064339,2.763802077838553,0,0.6454240436040264,-1258.8458304289366,-6.907755278982137
18.19925267875813,2.7341968819859117,0,0.6454240436040264,-1258.9630752264507,-6.907755278982137
18.159752058778412,2.846404509139903,0,0.6454240436040264,-1258.9352397898908,-6.907755278982137
18.149208984785965,2.846404509139903,0,0.5934841010298789,-1259.683550987812,-6.907755278982137
18.029538581125674,2.795510467191864,0,0.5934841010298789,-1259.5290102447805,-6.907755278982137
18.09505357674243,2.8592668866130433,0,0.626858428655071,-1258.8823558106083,-6.907755278982137
18.078362387005317,2.7111977657817796,0,0.626858428655071,-1258.4896873659443,-6.907755278982137
17.930665797396095,2.7660740326617597,0,0.626858428655071,-1258.6334013540773,-6.907755278982137
18.100373196135653,2.8027849040170434,0,0.626858428655071,-1258.571415781901,-6.907755278982137
18.1692284577964,2.846473251905133,0,0.6436920860081993,-1258.8928630729827,-6.907755278982137
18.269414821401835,2.8545612677835472,0,0.6436920860081993,-1258.9105924450128,-6.907755278982137
18.209902954303775,2.826307521837052,0,0.6441870426068281,-1258.8483733704925,-6.907755278982137
18.096690628061594,2.7722275975427526,0,0.6441870426068281,-1258.8000363444137,-6.907755278982137
18.05869784627062,2.680472115984016,0,0.6441870426068281,-1259.077616603659,-6.907755278982137
18.07926067540042,2.76560178772038,0,0.6302619098480484,-1258.5175358976774,-6.907755278982137
18.014394099682363,2.6644025145675534,0,0.6316415136760171,-1258.7443668281164,-6.907755278982137
17.84458390719844,2.566237887261313,0,0.6316415136760171,-1259.4496877194695,-6.907755278982137
17.92092626492906,2.6165191387926936,0,0.6230129533065529,-1258.8673562553654,-6.907755278982137
17.915429361796097,2.703913461699882,0,0.5831711780744978,-1259.8384016061636,-6.907755278982137
17.927405306960235,2.7377960707624047,0,0.6008734706218433,-1259.0679979365018,-6.907755278982137
17.901587191606396,2.662797565101471,0,0.6338966931033689,-1258.8183714082622,-6.907755278982137
17.99132125228616,2.5877533864477726,0,0.6338966931033689,-1259.3547700014733,-6.907755278982137
17.99132125228616,2.5901208399373687,0,0.6392594084619408,-1259.5457755064722,-6.907755278982137
17.995783975658252,2.703334073899004,0,0.6392594084619408,-1258.7827373063776,-6.907755278982137
17.979993664610625,2.743341084941312,0,0.6392594084619408,-1258.6987880578179,-6.907755278982137
18.020572161835542,2.5460265357874152,0,0.6392594084619408,-1260.08137262531,-6.907755278982137
17.987992012318077,2.548953577498576,0,0.6327745383554761,-1259.7228528513097,-6.907755278982137
18.01961169784649,2.67518272680672,0,0.6327745383554761,-1258.7222933874998,-6.907755278982137
17.97982851917532,2.67518272680672,0,0.6327745383554761,-1258.7272906361998,-6.907755278982137
17.97982851917532,2.6473079099578785,0,0.5901481285288857,-1259.1329318823812,-6.907755278982137
17.888864629544937,2.70350092388614,0,0.6509031199152414,-1259.1382980858398,-6.907755278982137
17.808244085184505,2.6499835425920946,0,0.6132344455033785,-1258.8483406770022,-6.907755278982137
17.808244085184505,2.743341433239739,0,0.609877776148525,-1259.0443561736652,-6.907755278982137
17.757639704933105,2.689486747679753,0,0.609877776148525,-1258.9933464335593,-6.907755278982137
17.829039321355616,2.689486747679753,0,0.60668379675905,-1258.9396622703118,-6.907755278982137
17.967713396693494,2.7349382920882315,0,0.6648204287893255,-1259.7126800635651,-6.907755278982137
17.906667679371672,2.7600916635223376,0,0.6657178077043124,-1259.5939204363956,-6.907755278982137
18.05682101069454,2.7600916635223376,0,0.6418561255140982,-1258.7390320654665,-6.907755278982137
17.858550852205695,2.8283610344336827,0,0.6418561255140982,-1258.9499584452087,-6.907755278982137
17.825097880590924,2.7882541017994473,0,0.6418561255140982,-1258.8389658701954,-6.907755278982137
17.813895998930533,2.7882541017994473,0,0.6099419139555208,-1259.283732696089,-6.907755278982137
17.733291928147914,2.7882541017994473,0,0.6238629131443028,-1259.046109372979,-6.907755278982137
17.67674365944126,2.7882541017994473,0,0.6238629131443028,-1259.152631546673,-6.907755278982137
17.659324086670445,2.7511019627350835,0,0.6238629131443028,-1259.0107622978219,-6.907755278982137
17.90960619307063,2.7511019627350835,0,0.6780462139862261,-1260.3638949389065,-6.907755278982137
17.86538651223983,2.713529103158364,0,0.6168998158063702,-1258.699326695072,-6.907755278982137
17.81252963034597,2.662710113510948,0,0.5793107071689594,-1260.2371525217125,-6.907755278982137
17.828154454961936,2.5614447286142425,0,0.5857206687567098,-1259.7895773491553,-6.907755278982137
17.85543186179254,2.5897365081050285,0,0.6186011727402856,-1259.0284850931146,-6.907755278982137
17.807676827254127,2.5897365081050285,0,0.6186011727402856,-1259.0646669624746,-6.214608098422191
17.807676827254127,2.4970418793581777,0,0.592129174399912,-1259.980546178263,-6.907755278982137
17.74011120240865,2.5781551075310882,0,0.6017866437562809,-1259.3782321743029,-6.907755278982137
17.76665162120016,2.741953091192906,0,0.6181847356450969,-1258.902766655718,-6.907755278982137
17.894165017347262,2.741953091192906,0,0.6181847356450969,-1258.692024486527,-6.907755278982137
17.89589718446112,2.6925492648487044,0,0.6181847356450969,-1258.6365606524992,-6.907755278982137
17.833270935864473,2.7227602447219788,0,0.6272445457891921,-1258.673533536478,-6.907755278982137
17.8927683177899,2.6609039735916555,0,0.6272445457891921,-1258.7229839367476,-6.907755278982137
17.8927683177899,2.678299722230175,0,0.632553310566653,-1258.7354279574956,-6.907755278982137
17.866014656556292,2.689596935884114,0,0.632553310566653,-1258.7144369409104,-6.907755278982137
17.945369158501162,2.727282620068605,0,0.6209571328213521,-1258.5707211229076,-6.907755278982137
18.093040957382982,2.6264639420462492,0,0.5855077560951123,-1259.0597675260215,-6.907755278982137
18.093649051983682,2.664083893239509,0,0.5855077560951123,-1259.0761150534377,-6.907755278982137
18.0533313502396,2.634068188324056,0,0.6640423906268055,-1260.6110795934349,-6.907755278982137
18.078661155965932,2.543225074454794,0,0.5734701722338046,-1259.7994502809695,-6.907755278982137
17.869890421313745,2.639478699156715,0,0.5734701722338046,-1260.3790765674569,-6.907755278982137
17.90410009266717,2.556848989982232,0,0.5734701722338046,-1260.2252858955871,-6.907755278982137
17.71604494624502,2.5986428073900654,0,0.5734701722338046,-1260.8147616434155,-6.907755278982137
17.748410584201096,2.5555002583423128,0,0.5814532838310974,-1260.218439024965,-6.907755278982137
17.802307731155906,2.6571765300280337,0,0.6050440987478407,-1259.014612492267,-6.907755278982137
17.73067541220204,2.6571765300280337,0,0.622627706800242,-1258.8554717984161,-6.907755278982137
17.72016038556486,2.560385205102399,0,0.6441721590591942,-1259.8947890619434,-6.907755278982137
17.761690521889278,2.560385205102399,0,0.6500656527093827,-1260.1904056011435,-6.907755278982137
17.72263386750194,2.560385205102399,0,0.6197932121547842,-1259.340126867759,-6.907755278982137
17.83257702974809,2.5816596453335627,0,0.6197932121547842,-1259.1071101141692,-6.907755278982137
17.88123258688897,2.46630706686313,0,0.6025258647293443,-1260.0752878561957,-6.907755278982137
17.78206711596009,2.5380723921583996,0,0.5597175692954084,-1261.6653502350282,-6.907755278982137
17.68514682075274,2.5380723921583996,0,0.6151065369979902,-1259.5378127838117,-6.907755278982137
17.68514682075274,2.544867941173414,0,0.6359571486019155,-1259.770692052144,-6.907755278982137
17.7036985981985,2.465082473925014,0,0.5602727333435644,-1262.0932463797867,-6.907755278982137
17.7036985981985,2.503313468711684,0,0.5872193783492751,-1260.2960284280457,-6.907755278982137
17.588147886395205,2.503313468711684,0,0.5872193783492751,-1260.5706838856338,-6.907755278982137
17.66423439266184,2.5852161453240745,0,0.5872193783492751,-1260.0922161519966,-6.907755278982137
17.717946439533957,2.672485300043343,0,0.5964107299089041,-1259.5500493049756,-6.907755278982137
17.717946439533957,2.5948094820706222,0,0.6356568932027893,-1259.3020199162738,-6.907755278982137
17.755901460202324,2.5140892908821417,0,0.6356568932027893,-1260.1449593845405,-6.907755278982137
17.755901460202324,2.418987872390355,0,0.6356568932027893,-1261.6540385691071,-6.907755278982137
17.7849067908722,2.418987872390355,0,0.6356568932027893,-1261.6835362663141,-6.907755278982137
17.902374616577514,2.418987872390355,0,0.6356568932027893,-1261.8209560094003,-6.907755278982137
18.018745570714803,2.418987872390355,0,0.5890708525640154,-1260.5780109327784,-6.907755278982137
18.08038932187579,2.4699573755061746,0,0.6144109802279969,-1260.1498156690698,-6.907755278982137
18.074699823977124,2.526216602559484,0,0.6144109802279969,-1259.4333156776345,-6.907755278982137
18.196446698101028,2.5382665412623275,0,0.6539110781936642,-1261.4533610559138,-6.907755278982137
18.17866658604514,2.680121271616116,0,0.6328521056491376,-1258.7127575929728,-6.907755278982137
18.030921883827858,2.525419536365307,0,0.6328521056491376,-1260.0516063654836,-6.907755278982137
18.098571028726067,2.5350544160988697,0,0.6337784065318873,-1260.0255060797645,-6.907755278982137
18.173762246612586,2.573517404113172,0,0.5989076930559105,-1258.829370637913,-6.907755278982137
18.173762246612586,2.661478981327394,0,0.6032373627544413,-1258.445810340351,-6.907755278982137
18.173762246612586,2.661478981327394,0,0.6029845114731791,-1258.448475052538,-6.907755278982137
18.08053121020163,2.708135172180036,0,0.6377957176601681,-1258.732126393471,-6.907755278982137
18.08093649612516,2.710792774121918,0,0.6377957176601681,-1258.7234427307121,-6.907755278982137
18.134741567135414,2.7326616463652043,0,0.6377957176601681,-1258.6696602640832,-6.907755278982137
18.170764992023187,2.8293469322594094,0,0.6377957176601681,-1258.7169381406143,-6.907755278982137
18.266559023657305,2.868682561184553,0,0.5964969796891505,-1259.4507221795434,-6.907755278982137
18.2963379605443,2.862768615806112,0,0.5964969796891505,-1259.3092673208635,-6.907755278982137
18.335843432105566,2.862768615806112,0,0.6127427916001071,-1258.7289306605596,-6.907755278982137
18.084520991034548,2.862768615806112,0,0.6127427916001071,-1259.1918335873995,-6.907755278982137
18.052698790468675,2.770544158425195,0,0.6127427916001071,-1258.6249407003927,-6.907755278982137
18.062161698225484,2.6923747584468836,0,0.6446403104844634,-1259.0327973648984,-6.907755278982137
18.127715442085524,2.919421816680723,0,0.6446403104844634,-1259.337126137662,-6.907755278982137
18.054513553772253,2.821467371922713,0,0.6446403104844634,-1258.8621247433368,-6.907755278982137
18.027195909693127,2.828368684626775,0,0.646647825562009,-1258.9302152635298,-6.907755278982137
17.986695823599433,2.7446085176800596,0,0.646647825562009,-1258.892588406604,-6.907755278982137
17.886485923156922,2.808292696640021,0,0.6078158662965029,-1259.3411849175927,-6.907755278982137
17.939846461198233,2.8013715823162446,0,0.6167988134355854,-1258.8959553718107,-6.907755278982137
17.939846461198233,2.841902686170729,0,0.6167988134355854,-1259.1888894424662,-6.907755278982137
17.987088809045186,2.841902686170729,0,0.6601367120786907,-1259.353071101847,-6.907755278982137
18.0129588063227,2.8182397236276113,0,0.6601367120786907,-1259.3369467276543,-6.907755278982137
18.08233246151117,2.8010886005943343,0,0.6601367120786907,-1259.3881736099631,-6.907755278982137
18.185088693989425,2.720972394321154,0,0.6054153112136097,-1258.3988453353043,-6.907755278982137
18.185088693989425,2.7732519598633694,0,0.6673818491793498,-1259.9903064615964,-6.907755278982137
18.26556221536821,2.806404819574964,0,0.6673818491793498,-1259.9967943675792,-6.907755278982137
18.323917423530574,2.799871322715563,0,0.6673818491793498,-1260.1109096742114,-6.907755278982137
18.323917423530574,2.9645826031167135,0,0.6673818491793498,-1260.3186633976768,-6.907755278982137
18.272251217764182,2.9073129077154034,0,0.6041791648084276,-1259.5508930824194,-6.907755278982137
18.344108491781018,2.918591469473091,0,0.6041791648084276,-1259.5191509100157,-6.907755278982137
18.281200316280266,3.000097858261547,0,0.6287135068517854,-1260.0653194201504,-6.907755278982137
18.144237035021007,2.974717032614776,0,0.6167738808515315,-1260.2888631110666,-6.907755278982137
18.10866754137532,2.9818883284218636,0,0.6167738808515315,-1260.4861183542953,-6.907755278982137
18.145387584750786,2.892206048882067,0,0.6167738808515315,-1259.247170130075,-6.907755278982137
18.15723409532377,2.9074847508701547,0,0.6133839997960328,-1259.4848907360672,-6.907755278982137
18.10792690073264,2.911381787419157,0,0.6348357503968399,-1259.243130850833,-6.907755278982137
18.201475310157598,2.907314707133542,0,0.6348357503968399,-1259.110713114751,-6.907755278982137
18.0860982275967,2.8215039100460384,0,0.6348357503968399,-1258.6954776043838,-6.907755278982137
18.096921605711607,2.797791252024392,0,0.6537259753867621,-1259.1218420035739,-6.907755278982137
18.02434313565253,2.820325879269383,0,0.6537259753867621,-1259.107106157365,-6.907755278982137
18.091826337322566,2.749525388383365,0,0.6215161510927875,-1258.438885291492,-6.907755278982137
18.091133466514847,2.7510289997515844,0,0.6215161510927875,-1258.441720771872,-6.907755278982137
18.091133466514847,2.874204613238713,0,0.6111447697853454,-1259.3413067400888,-6.907755278982137
18.062239428219563,2.8596187013834555,0,0.6320900899313265,-1258.9013902363513,-6.907755278982137
18.18125046009909,2.8944260752540165,0,0.6320900899313265,-1259.0238978472055,-6.907755278982137
18.176993157286628,2.8944260752540165,0,0.6213516607875037,-1259.1181196740602,-6.907755278982137
18.182747260366675,2.7955313260646837,0,0.6271022002190213,-1258.478317600876,-6.907755278982137
18.139953054787053,2.874295681326278,0,0.6271022002190213,-1258.933118828602,-6.907755278982137
18.070920574566664,2.9467302101140787,0,0.6271022002190213,-1259.7631233287618,-6.907755278982137
18.043830948539025,2.889151421010713,0,0.6271022002190213,-1259.1948339909925,-6.907755278982137
18.043830948539025,2.815704254840748,0,0.6271022002190213,-1258.6858718377898,-6.907755278982137
18.12570249656301,2.8273066157662496,0,0.6594627405806222,-1259.3803365339047,-6.907755278982137
18.12570249656301,2.8799378324037743,0,0.6161766312551304,-1259.1781613463186,-6.907755278982137
18.12570249656301,2.8409164528670123,0,0.67220835869778,-1260.042572609987,-6.907755278982137
18.30972913671403,2.8206196375408603,0,0.67220835869778,-1260.360921565788,-6.907755278982137
18.30972913671403,2.8612989423761235,0,0.6150712118430212,-1258.721897799424,-6.907755278982137
18.213750886750134,2.9075463752970716,0,0.6150712118430212,-1259.3197294106844,-6.907755278982137
18.232627779420813,2.81071951326856,0,0.618552191111681,-1258.479275235434,-6.907755278982137
18.121138032160484,2.81071951326856,0,0.618552191111681,-1258.624411458891,-6.907755278982137
18.13675307065604,2.8304008568761727,0,0.6105103829558126,-1258.8745080640072,-6.907755278982137
18.13675307065604,2.826029517895733,0,0.6105103829558126,-1258.8420664862626,-6.907755278982137
18.218619834306857,2.790917712741675,0,0.646834083938644,-1258.9131841249236,-6.907755278982137
18.175072363539346,2.932648862812379,0,0.646834083938644,-1259.4437471518902,-6.907755278982137
18.11085918610076,2.879767053555871,0,0.6283042019188543,-1259.0052044881427,-6.907755278982137
18.119697309357296,2.8211811313079505,0,0.6530800220409324,-1259.1130568007306,-6.907755278982137
18.130658236596815,2.8211811313079505,0,0.6404017431108627,-1258.75420677203,-6.907755278982137
18.130658236596815,2.8097461927980625,0,0.6404017431108627,-1258.727538171359,-6.907755278982137
18.05429727902046,2.8097461927980625,0,0.6284394790927215,-1258.6456802592297,-6.907755278982137
17.839912733136536,2.873647435855964,0,0.6409674203755997,-1259.2349187056777,-6.907755278982137
17.844345026500548,2.9094987710734688,0,0.6409674203755997,-1259.5301273358125,-6.907755278982137
17.847642435715237,2.9094987710734688,0,0.6409674203755997,-1259.525584284241,-6.907755278982137
17.757356785899464,2.9389329114621328,0,0.6882065322800447,-1260.7315382167728,-6.907755278982137
17.824814291991196,2.8545530009919116,0,0.6263772211737457,-1259.2825169951495,-6.907755278982137
17.78990012811144,2.9397707571340406,0,0.640263674585513,-1259.940637961777,-6.907755278982137
17.78990012811144,2.9855956991438477,0,0.6748002859831707,-1260.598706896647,-6.907755278982137
17.78990012811144,2.9202672593244525,0,0.6338289211207249,-1259.8373353772877,-6.907755278982137
17.796939554186856,3.003838184446839,0,0.6706267330983781,-1260.6934201464253,-6.907755278982137
17.920123469801275,3.003838184446839,0,0.6706267330983781,-1260.6502773481236,-6.907755278982137
17.9628266198405,3.003838184446839,0,0.665321551767113,-1260.5229205793376,-6.907755278982137
18.005313256840633,2.881825554902757,0,0.665321551767113,-1259.6604702850145,-6.907755278982137
17.925179212024048,2.789960583819313,0,0.6517547593468074,-1259.005829073721,-6.907755278982137
18.02235118453613,2.741107516576883,0,0.6517547593468074,-1259.100382010519,-6.907755278982137
18.03678910287679,2.7566204637643867,0,0.5642219527209719,-1261.360747356439,-6.907755278982137
18.03678910287679,2.7889784339107573,0,0.5785070279406024,-1260.4352028621913,-6.907755278982137
17.9739657791843,2.751523617314393,0,0.6593483192276118,-1259.3694240628197,-6.907755278982137
18.001546754036006,2.6843129108643486,0,0.6593483192276118,-1259.752090014658,-6.907755278982137
18.0210567608894,2.7272808344077992,0,0.6593483192276118,-1259.5112673330202,-6.907755278982137
17.951354720726613,2.8244822213603666,0,0.6510953043850967,-1259.0361244031337,-6.907755278982137
18.097104387161906,2.736700288597453,0,0.6510953043850967,-1259.134290664854,-6.907755278982137
18.086443900071423,2.7883030694179345,0,0.6510953043850967,-1259.0208758791616,-6.907755278982137
18.00314974057671,2.9630568118929634,0,0.6510953043850967,-1259.8816084493226,-6.907755278982137
17.969722682925273,2.7832624082839446,0,0.6510953043850967,-1258.9902878478665,-6.907755278982137
18.038173593358096,2.942281528286406,0,0.6510953043850967,-1259.6603464280986,-6.907755278982137
18.063228084310694,2.984842885442052,0,0.6337284317836032,-1260.1421045431425,-6.907755278982137
18.19007281064062,2.984635721739526,0,0.6337284317836032,-1259.9359819451859,-6.907755278982137
18.100167018387488,2.9538496957682594,0,0.6337284317836032,-1259.6940896527033,-6.907755278982137
18.064131063296244,2.888328909406618,0,0.610461654393113,-1259.5818174212857,-6.907755278982137
18.10420651535527,2.9305410733425075,0,0.7079967677253026,-1262.6302200445643,-6.907755278982137
18.180502752933865,2.9383043886173654,0,0.7122813403226698,-1263.2344070829608,-6.907755278982137
18.08541036920407,3.0043836288526977,0,0.6825441756638391,-1261.1275724917334,-6.907755278982137
18.175122724452667,2.926668323295171,0,0.7189946005542966,-1263.912621757925,-6.907755278982137
18.175122724452667,3.1223755112337344,0,0.6860866333474558,-1262.5666169765007,-6.907755278982137
18.201333763552025,3.1223755112337344,0,0.6898312845830721,-1262.7441330628317,-6.907755278982137
18.224412162574534,3.0837016398211343,0,0.6898312845830721,-1262.3225989617256,-6.907755278982137
18.306673900537486,3.149170477140024,0,0.6898312845830721,-1263.1662218318847,-6.907755278982137
18.25421071671533,3.2141286891529286,0,0.627154327014844,-1264.4901957186796,-6.907755278982137
18.38746050132151,3.166762696220537,0,0.627154327014844,-1262.9587358513163,-6.907755278982137
18.447667175979564,3.166762696220537,0,0.627154327014844,-1262.8141908861512,-6.907755278982137
18.514344992663986,3.0808003182939774,0,0.6465102384880468,-1260.9051554204987,-6.907755278982137
18.532722976160546,3.009117035192036,0,0.6465102384880468,-1260.0072372998586,-6.907755278982137
18.598370179493628,2.917543160316753,0,0.6185033202486496,-1258.7897902763816,-6.907755278982137
18.598370179493628,3.0242757696383356,0,0.6068732095307774,-1260.3760163411353,-6.907755278982137
18.626493130695625,2.9294933379239505,0,0.647618842731008,-1259.4424643701234,-6.907755278982137
18.438723669874264,3.0162561812358066,0,0.647618842731008,-1260.1360851846334,-6.907755278982137
18.48352296492641,3.036174824528488,0,0.6186071116316496,-1260.4522020010365,-6.907755278982137
18.45411715301087,3.012671971720852,0,0.6186071116316496,-1260.1398039631893,-6.907755278982137
18.38534437431453,2.9180658055989026,0,0.6316981328374998,-1259.0239502198087,-6.907755278982137
18.43812556875585,2.9180658055989026,0,0.6214107459446667,-1258.9664196295491,-6.907755278982137
18.283611461848373,2.867366097873618,0,0.6214107459446667,-1258.737350605883,-6.907755278982137
18.36990816912043,2.867366097873618,0,0.6493578210804927,-1259.1550263563945,-6.907755278982137
18.2418041978442,2.867366097873618,0,0.6879189945740962,-1261.3166715226696,-6.907755278982137
18.22678911408685,2.7412421817424453,0,0.6276977538007836,-1258.4081302980671,-6.907755278982137
18.081362437796354,2.727229621105738,0,0.6276977538007836,-1258.4799174364243,-6.907755278982137
18.130259492129163,2.6304408164080755,0,0.6276977538007836,-1258.8395264538574,-6.907755278982137
18.152299562541806,2.6573310953670353,0,0.5677981117492038,-1259.9116988208361,-6.907755278982137
18.152299562541806,2.6274081883613984,0,0.6418708865607385,-1259.441160938426,-6.907755278982137
18.236490843297414,2.6274081883613984,0,0.6023776454710963,-1258.4745742831822,-6.907755278982137
18.28932406489376,2.5544065996228387,0,0.5829475741244248,-1258.995477510623,-6.907755278982137
18.29425683573153,2.612203037933683,0,0.5829475741244248,-1258.7551387128422,-6.907755278982137
18.223718732120386,2.563695441091059,0,0.5829475741244248,-1259.0555117201607,-6.907755278982137
18.32776491241154,2.465597990358734,0,0.5829475741244248,-1259.7107645433189,-6.907755278982137
18.492868235308602,2.393145719929209,0,0.5802009002843949,-1260.5956529075797,-6.907755278982137
18.34517776006363,2.360214446498275,0,0.5802009002843949,-1261.2344850432212,-6.907755278982137
18.405893106354753,2.427278745007806,0,0.5802009002843949,-1260.132936951277,-6.907755278982137
18.38917483656082,2.427278745007806,0,0.5802009002843949,-1260.1467232154369,-6.907755278982137
18.520333322871267,2.453040262076371,0,0.5802009002843949,-1259.7007586836178,-6.907755278982137
18.498081525025995,2.458739986211069,0,0.5868298638191485,-1259.6838475810553,-6.907755278982137
18.451311960383087,2.3669976797539944,0,0.5868298638191485,-1261.1752820167378,-6.907755278982137
18.467967764942273,2.3967779113000955,0,0.5868298638191485,-1260.637864082421,-6.907755278982137
18.52837968860366,2.443184887471956,0,0.5743754284479532,-1259.8296058522055,-6.907755278982137
18.61742859026934,2.5422080143132995,0,0.5613699497182858,-1259.1151090887413,-6.907755278982137
18.735413958634005,2.660691425782275,0,0.5613699497182858,-1258.6552330309642,-6.907755278982137
18.64357840061046,2.7427726400654824,0,0.5812892974160907,-1258.2438411094872,-6.907755278982137
18.647265822070185,2.82658271842216,0,0.6263153428193924,-1258.3636872282152,-6.907755278982137
18.562104395086756,2.9245674680658595,0,0.6409715204003422,-1259.1675567457346,-6.907755278982137
18.625543180729018,3.018539826967609,0,0.6409715204003422,-1259.9663453559338,-6.907755278982137
18.481742264865744,3.0322747528140357,0,0.6142348587794744,-1260.5175179699484,-6.907755278982137
18.7319010008717,3.114943156757785,0,0.654689536199625,-1261.4801584184488,-6.907755278982137
18.804263934135616,3.1040675689957924,0,0.654689536199625,-1261.3408810675262,-6.907755278982137
18.750508383669207,2.977425021523155,0,0.6414140192799967,-1259.5678960483908,-6.907755278982137
18.79524698430518,2.959277536738064,0,0.6414140192799967,-1259.4445910570967,-6.907755278982137
18.883741777113276,2.959277536738064,0,0.6494380230273731,-1259.8579997161567,-6.907755278982137
18.8056840436795,2.8603647499379847,0,0.6488441182847919,-1259.49740460661,-6.907755278982137
18.665104917035695,2.837331560188002,0,0.6098019609103147,-1258.172090950316,-6.907755278982137
18.723018122189867,2.8123004117319486,0,0.6016235709435206,-1258.0151373796743,-6.907755278982137
18.78720195826325,2.8123004117319486,0,0.6016235709435206,-1257.9467685142954,-6.907755278982137
18.8107153773741,2.7851835325056866,0,0.5975219647259102,-1257.8375606703323,-6.907755278982137
18.867431323820863,2.8282645943494216,0,0.6249005756215563,-1258.355383310566,-6.907755278982137
18.795342769574965,2.8282645943494216,0,0.6249005756215563,-1258.3372534574316,-6.907755278982137
18.806934921782926,2.8401608997317522,0,0.5835323907235522,-1258.4394698685428,-6.907755278982137
18.596343347834654,2.870613920573899,0,0.6470355591892556,-1259.1939854009315,-6.907755278982137
18.682130426624312,2.93513959468585,0,0.6470355591892556,-1259.4753046557983,-6.907755278982137
18.780535078718714,2.8464477576650653,0,0.5944402732762378,-1258.2319439448454,-6.907755278982137
18.683360805066783,2.8743899080522866,0,0.6096135412769317,-1258.3806872838136,-6.907755278982137
18.76889348463704,2.8288796673194914,0,0.5555035079206705,-1260.15985759677,-6.907755278982137
18.740440865193396,2.8755733605216434,0,0.5640770436986421,-1260.1573953917612,-6.907755278982137
18.62892612165328,2.8415735361718943,0,0.5640770436986421,-1260.0917223338665,-6.907755278982137
18.715509341597375,2.7645592831877837,0,0.624044685054599,-1258.2904786314652,-6.907755278982137
18.60571078724676,2.8157580823407136,0,0.6333149189631296,-1258.5605170163121,-6.907755278982137
18.585648474228666,2.7196511450929455,0,0.5787813497066477,-1258.3688198665411,-6.907755278982137
18.585638814979607,2.7196511450929455,0,0.5624153170222861,-1259.225888472295,-6.907755278982137
18.593781730289468,2.7152768367085827,0,0.5624153170222861,-1259.1764964964964,-6.907755278982137
18.571140411051147,2.728319683381689,0,0.5694092931036395,-1258.8828276182176,-6.907755278982137
18.618321735626026,2.5689411832159177,0,0.5694092931036395,-1258.7112974378097,-6.907755278982137
18.618321735626026,2.5437036137968576,0,0.5694092931036395,-1258.8462088206193,-6.907755278982137
18.660284230843192,2.6626252407209927,0,0.5513083703728249,-1259.5107527927646,-6.907755278982137
18.720914255106564,2.6916878439241048,0,0.6180252496756927,-1258.316315877423,-6.907755278982137
18.709391733236252,2.726159501527879,0,0.5824274955269452,-1258.0342912711494,-6.907755278982137
18.600581527224154,2.7232851161984883,0,0.5824274955269452,-1258.2244679583273,-6.907755278982137
18.442261002681263,2.7145163597763515,0,0.5969227331355156,-1258.1446366113953,-6.907755278982137
18.57786231566793,2.7480348000733774,0,0.6638713325908516,-1260.6329356149888,-6.907755278982137
18.6155302319048,2.8002683999742564,0,0.6638713325908516,-1260.3952564842955,-6.907755278982137
18.592304698310684,2.8002683999742564,0,0.5722990961182262,-1259.1731407053787,-6.907755278982137
18.499344451798507,2.8095117657445323,0,0.5722990961182262,-1259.542489179346,-6.907755278982137
18.499344451798507,2.8168587428901626,0,0.6001043568448339,-1258.3736922052049,-6.907755278982137
18.410094332461085,2.7323156242051296,0,0.5669303958312835,-1259.5387987134166,-6.907755278982137
18.412529000514848,2.649403719635059,0,0.599830012669511,-1258.2297314960656,-6.907755278982137
18.393196294212753,2.679119091946514,0,0.599830012669511,-1258.18255480935,-6.907755278982137
18.311986191730306,2.572764099224478,0,0.6277730598051224,-1259.4559303121553,-6.907755278982137
18.189553075551164,2.572764099224478,0,0.6277730598051224,-1259.3699243151634,-6.907755278982137
18.100410715957054,2.600673591181411,0,0.6190349045695283,-1258.8434398724748,-6.907755278982137
18.150218813012724,2.500385386753899,0,0.6190349045695283,-1259.8963336955435,-6.907755278982137
18.182970412401264,2.487309329735516,0,0.6190349045695283,-1260.0977667266768,-6.907755278982137
18.182970412401264,2.544733485320483,0,0.6190349045695283,-1259.357745756999,-6.907755278982137
18.25447547831168,2.57899305172826,0,0.6190349045695283,-1259.0213466861014,-6.907755278982137
18.2664410535111,2.6698145220975023,0,0.6190349045695283,-1258.41052292266,-6.907755278982137
18.32485690643089,2.763279415647656,0,0.632176427919479,-1258.4780361528576,-6.907755278982137
18.410203524510727,2.6957036715990537,0,0.6348731575168466,-1258.8170086514679,-6.907755278982137
18.532174902913365,2.6134688271790454,0,0.6348731575168466,-1259.6369966708385,-6.907755278982137
18.34372782283502,2.678097023177149,0,0.5380188725255723,-1262.1393711840683,-6.907755278982137
18.330170353134655,2.678097023177149,0,0.6229681335626946,-1258.4527873830332,-6.907755278982137
18.346553516666088,2.7247680109876855,0,0.6056850244668597,-1258.1867467442976,-6.907755278982137
18.421534544050015,2.6073330227940756,0,0.6075972387326294,-1258.505409015226,-6.907755278982137
18.624593355260416,2.6073330227940756,0,0.5997293509610373,-1258.313340363499,-6.907755278982137
18.643372319928368,2.600909672832934,0,0.5997293509610373,-1258.354669778881,-6.907755278982137
18.639972012168972,2.7064850355947003,0,0.6207082647106568,-1258.314649095403,-6.907755278982137
18.58406179195984,2.865516404287302,0,0.6207082647106568,-1258.4359241110226,-6.907755278982137
18.68353171397157,2.9418399988387023,0,0.6507904566206993,-1259.6762298107399,-6.907755278982137
18.67272223554566,2.9418399988387023,0,0.6104200118505836,-1259.0011155070094,-6.907755278982137
18.671836390291634,2.8516655227888905,0,0.6104200118505836,-1258.2433984876586,-6.907755278982137
18.671836390291634,2.8653640957513558,0,0.6452282756127488,-1259.1571032357294,-6.907755278982137
18.64812040833273,2.96890714928177,0,0.6935489887953143,-1262.755633277296,-6.907755278982137
18.68362293805543,2.9090842196943902,0,0.6476368578654351,-1259.3900591641693,-6.907755278982137
18.58000728408682,2.9090842196943902,0,0.612632337596912,-1258.7719087928888,-6.907755278982137
18.532350244373205,2.798929172285514,0,0.6383648296725956,-1258.7242650653172,-6.907755278982137
18.287047044089284,2.716710272371759,0,0.576887343517006,-1259.180562007357,-6.907755278982137
18.1998315964938,2.6887099206476166,0,0.6274067371449458,-1258.5251685717444,-6.907755278982137
18.1998315964938,2.748617624958487,0,0.5975686809544096,-1258.634581212334,-6.907755278982137
18.229489884245204,2.6198867027782415,0,0.5975686809544096,-1258.5432361422506,-6.907755278982137
18.229489884245204,2.5360581070453554,0,0.5763396654474363,-1259.3846778295244,-6.907755278982137
18.328626611647287,2.5360581070453554,0,0.6263451026200648,-1259.858098574505,-6.907755278982137
18.232557278701883,2.4540815420103947,0,0.6263451026200648,-1261.0431077987769,-6.907755278982137
18.27970716689559,2.4275527260694894,0,0.6070523402835333,-1260.6421349824493,-6.907755278982137
18.391455136548537,2.61348861794971,0,0.6070523402835333,-1258.4649435950203,-6.907755278982137
18.371866340401617,2.610495039057361,0,0.6034981197402645,-1258.4515595380046,-6.907755278982137
18.427728137847566,2.6074495862180864,0,0.6488330294646466,-1260.517798072789,-6.907755278982137
18.4347920494296,2.562823965721484,0,0.5925931171152958,-1258.671958506107,-6.907755278982137
18.363792003976275,2.5523425036489455,0,0.5925931171152958,-1258.8119947179025,-6.907755278982137
18.313291908663587,2.5324007138350044,0,0.5925931171152958,-1259.0207755402228,-6.907755278982137
18.14688490154967,2.6058828807727377,0,0.5925931171152958,-1258.7871679768434,-6.907755278982137
18.14688490154967,2.538314188294903,0,0.5925931171152958,-1259.1492279014258,-6.907755278982137
18.147762558978435,2.4825363879399847,0,0.5840315591792244,-1259.7381831802325,-6.907755278982137
18.247913293993477,2.5667875181075193,0,0.5790315133236998,-1259.1111557812778,-6.907755278982137
18.16131913883138,2.5667875181075193,0,0.5790315133236998,-1259.2866934625035,-6.907755278982137
18.25442716820225,2.52546428659685,0,0.5396242383252915,-1261.7330087696403,-6.907755278982137
18.172507817695884,2.576257325662552,0,0.5396242383252915,-1262.127013342022,-6.907755278982137
18.04623929212591,2.4781145675032663,0,0.6089873703857531,-1259.9063070531968,-6.907755278982137
17.96746408732696,2.577761194445468,0,0.5619536854227255,-1260.8060385661422,-6.907755278982137
17.96094729804864,2.6629747056468314,0,0.6055181533339419,-1258.7199325436231,-6.907755278982137
17.9200771978335,2.6024297064471087,0,0.6055181533339419,-1258.9276751577388,-6.907755278982137
17.96224621750089,2.734203443136408,0,0.6055181533339419,-1258.8196895396472,-6.907755278982137
18.026829021025673,2.839311519621516,0,0.6055181533339419,-1259.3596198570901,-6.907755278982137
18.167460573966878,2.6301039179448615,0,0.6055181533339419,-1258.5250698919265,-6.907755278982137
18.308852977165355,2.5580897330741985,0,0.6055181533339419,-1258.8960661422502,-6.907755278982137
18.281604265107248,2.557872847337597,0,0.6055181533339419,-1258.9073667880616,-6.907755278982137
18.249113686637635,2.5256137416215267,0,0.6055181533339419,-1259.2335734215387,-6.907755278982137
18.208543171090316,2.621330310906364,0,0.6055181533339419,-1258.5237835467292,-6.907755278982137
18.296989653301313,2.497218660445972,0,0.6055181533339419,-1259.559690129493,-6.907755278982137
18.337874898822466,2.4835745256156407,0,0.6014396214270434,-1259.6398577468863,-6.907755278982137
18.27433642969996,2.583994337024065,0,0.6014396214270434,-1258.6707935877084,-6.907755278982137
18.201573772607986,2.620140480434583,0,0.6014396214270434,-1258.544751278849,-6.907755278982137
18.296920069930422,2.641915960496972,0,0.6014396214270434,-1258.3635489413155,-6.907755278982137
18.282651088046023,2.69309754574312,0,0.6014396214270434,-1258.2947738028572,-6.907755278982137
18.24145622453569,2.716565274918938,0,0.6014396214270434,-1258.3716841393712,-6.907755278982137
18.17801812844422,2.716565274918938,0,0.6584799988609782,-1259.7131498706995,-6.907755278982137
18.223269402776815,2.722116931816941,0,0.5980089338100323,-1258.487246682822,-6.907755278982137
18.14604457050184,2.722116931816941,0,0.62313668557977,-1258.3962459856177,-6.907755278982137
18.035765604283533,2.6276524888028483,0,0.6350307040304155,-1259.0712184559886,-6.907755278982137
17.973109833637043,2.6276524888028483,0,0.5731547435930525,-1260.0324683872454,-6.907755278982137
18.009778569527143,2.688908403980935,0,0.6133656491962377,-1258.5322540873383,-6.907755278982137
18.165477919320764,2.7851497240487673,0,0.6107447080970829,-1258.5420818084076,-6.907755278982137
18.152644491314827,2.6880118715766517,0,0.6377996415292326,-1258.8347467515805,-6.907755278982137
18.114842299426655,2.701983485926406,0,0.5915196498804358,-1258.8618879470655,-6.907755278982137
18.15767256944095,2.6484312441467295,0,0.6028749035332124,-1258.495903395007,-6.907755278982137
18.086998547217455,2.7610160128655705,0,0.6028749035332124,-1258.7579636066066,-6.907755278982137
18.096740377982275,2.8310147791946347,0,0.6028749035332124,-1259.2199408870827,-6.907755278982137
18.142693289157094,2.8591447409713555,0,0.6028749035332124,-1259.3786974543038,-6.907755278982137
18.170830335978458,2.8591447409713555,0,0.6028749035332124,-1259.309532361752,-6.907755278982137
18.170830335978458,2.765587978849842,0,0.6201280687217213,-1258.3896873385368,-6.907755278982137
18.14297625061878,2.8238847287006625,0,0.652079884831553,-1259.0875948511746,-6.907755278982137
18.203146982716373,2.855335046241112,0,0.6622287077999153,-1259.589060523222,-6.907755278982137
18.114259314055495,2.8443981951274018,0,0.6622287077999153,-1259.50886181987,-6.907755278982137
18.04232005360395,2.7539932407672096,0,0.6622287077999153,-1259.571205616783,-6.907755278982137
18.12363732997995,2.850088337709205,0,0.6363284746792521,-1258.8087926042306,-6.907755278982137
18.1187641401461,2.850088337709205,0,0.6144497803577158,-1258.966161747072,-6.907755278982137
17.951024425134186,2.850088337709205,0,0.6059279541861564,-1259.6439618111006,-6.907755278982137
17.89278708476354,2.7402389049443667,0,0.6059279541861564,-1258.9758971537103,-6.907755278982137
17.985737543466765,2.759540014023448,0,0.6059279541861564,-1258.866465224193,-6.907755278982137
18.16777332228056,2.759540014023448,0,0.6800378900086337,-1260.970691459561,-6.907755278982137
18.065758540977946,2.7761589405883154,0,0.642000802742859,-1258.7379723137979,-6.907755278982137
18.018150501620582,2.7864781460486796,0,0.6049301350851704,-1258.9821174724375,-6.907755278982137
18.057258731490148,2.8297707779444345,0,0.6049301350851704,-1259.2222003204001,-6.907755278982137
18.107697713367223,2.7989125636608243,0,0.6049301350851704,-1258.8698688832524,-6.907755278982137
18.171565228751696,2.7989125636608243,0,0.6049301350851704,-1258.7394004243001,-6.907755278982137
18.091559664875962,2.848156900722323,0,0.5408297786383829,-1265.4593788583672,-6.907755278982137
18.249729080705755,2.781974894937197,0,0.5408297786383829,-1263.4496182429905,-6.907755278982137
18.249729080705755,2.8880007185273024,0,0.635535709304158,-1258.9341509555434,-6.907755278982137
18.2962183277194,2.7056799220055217,0,0.6125082819818299,-1258.2308333732833,-6.907755278982137
18.159917058466696,2.7056799220055217,0,0.5701324613626064,-1259.9521442030311,-6.907755278982137
18.244478319392567,2.7056799220055217,0,0.6095493944612511,-1258.2766853854155,-6.907755278982137
18.166818533169085,2.6629425040318013,0,0.6095493944612511,-1258.4149867566853,-6.907755278982137
18.223822036988793,2.7064974990347883,0,0.6085777909578352,-1258.3036775841715,-6.907755278982137
18.16733779040445,2.769733743305211,0,0.6085777909578352,-1258.5102814998756,-6.907755278982137
18.25752068988469,2.8302914611279864,0,0.5994450321972283,-1258.9695402257569,-6.907755278982137
18.257583071419432,2.8794161622093433,0,0.6552581685300581,-1259.3709069774802,-6.907755278982137
18.130019863021197,2.778793376762666,0,0.6552581685300581,-1259.2304632792257,-6.907755278982137
18.07386971000732,2.7798726249290824,0,0.6552581685300581,-1259.1897088358091,-6.907755278982137
18.157017967776934,2.654772146299078,0,0.6184901106831053,-1258.504839415716,-6.907755278982137
18.065290842593477,2.627582125354293,0,0.6184901106831053,-1258.678333100076,-6.907755278982137
18.04622258342703,2.625465552164499,0,0.6184901106831053,-1258.6993027957515,-6.907755278982137
17.94082933456192,2.68502625163708,0,0.6184901106831053,-1258.5891689199623,-6.907755278982137
18.07293296457308,2.679883064467195,0,0.6184901106831053,-1258.4756809199012,-6.907755278982137
18.005148719681564,2.679883064467195,0,0.6380694041735739,-1258.843428047363,-6.907755278982137
18.005148719681564,2.7270556614904833,0,0.6206043129435945,-1258.5046874865332,-6.907755278982137
18.005148719681564,2.7270556614904833,0,0.682551471690636,-1261.0469401589983,-6.907755278982137
17.957009437873996,2.676452771374251,0,0.6534576479819785,-1259.4454022417308,-6.907755278982137
18.08599770237247,2.669153216514422,0,0.6134932266597068,-1258.4759165886805,-6.907755278982137
18.055241239458848,2.803859895369882,0,0.6134932266597068,-1258.774887752245,-6.907755278982137
18.14583879898483,2.8756832915332446,0,0.6134932266597068,-1259.1677857814427,-6.907755278982137
18.344626841646484,2.759481046224051,0,0.6134932266597068,-1258.2093264043824,-6.907755278982137
18.32810195913119,2.7468614626084125,0,0.6134932266597068,-1258.206894853738,-6.907755278982137
18.407431341814533,2.655637162214969,0,0.6134932266597068,-1258.3337179607724,-6.907755278982137
18.33354768120637,2.6009106297824123,0,0.6134932266597068,-1258.6889579226174,-6.907755278982137
18.26817253749293,2.603515300358923,0,0.5854536434277555,-1258.7559788501717,-6.907755278982137
18.085684917818025,2.647861582971517,0,0.5854536434277555,-1259.0789468278601,-6.907755278982137
18.087367459076148,2.55822325739771,0,0.5854536434277555,-1259.2598522736073,-6.907755278982137
18.093593053806256,2.568086593544425,0,0.5654039640449673,-1260.149139131946,-6.907755278982137
18.093593053806256,2.3844927805639378,0,0.5654039640449673,-1261.4117003754661,-6.907755278982137
18.126034365163832,2.361818566465052,0,0.5654039640449673,-1261.6537646805307,-6.907755278982137
18.126034365163832,2.389272662783805,0,0.5654039640449673,-1261.286849143028,-6.907755278982137
18.189644051467965,2.396376238465196,0,0.5654039640449673,-1261.075424690658,-6.907755278982137
18.15714240904209,2.396376238465196,0,0.5654039640449673,-1261.1379025206986,-6.907755278982137
18.059740326449184,2.401725925492949,0,0.5655534248342726,-1261.2698843049293,-6.907755278982137
18.150828565971874,2.53975089292802,0,0.5655534248342726,-1260.0387267768003,-6.907755278982137
18.150828565971874,2.53975089292802,0,0.5829223782645551,-1259.3135398571867,-6.907755278982137
18.15689420758161,2.568649672553925,0,0.5850052366928695,-1259.0964116298176,-6.907755278982137
18.15689420758161,2.568649672553925,0,0.6479417201791282,-1260.4754432579725,-6.907755278982137
18.264744266866256,2.568649672553925,0,0.6479417201791282,-1260.6634489892022,-6.907755278982137
18.113304416363913,2.637051340123324,0,0.6479417201791282,-1259.6328816444093,-6.907755278982137
18.128750255792692,2.6285324389270466,0,0.6479417201791282,-1259.7325867018544,-6.907755278982137
18.083182638933888,2.6028083640713477,0,0.6415258109568429,-1259.597324587093,-6.907755278982137
18.047929803421987,2.596375000564656,0,0.6415258109568429,-1259.6313476721537,-6.907755278982137
17.959022512149623,2.624626382268284,0,0.5776315115563276,-1259.7887493579046,-6.907755278982137
17.95467079227526,2.675976890331596,0,0.6017155853724868,-1258.8168736682992,-6.907755278982137
17.93127546100991,2.533796971005776,0,0.6017155853724868,-1259.36176429633,-6.907755278982137
17.79860295910954,2.5094898443929643,0,0.6017155853724868,-1259.7247818023627,-6.907755278982137
17.739711112805196,2.6602727230907273,0,0.622587788060262,-1258.8386254740813,-6.907755278982137
17.81469613834591,2.6225432613727673,0,0.6465089110398112,-1259.440033193648,-6.907755278982137
17.823749174493052,2.467866933664452,0,0.5759665527312928,-1260.7349305578273,-6.907755278982137
17.699065747533908,2.458061016500909,0,0.5759665527312928,-1261.1240974538389,-6.907755278982137
17.696027376691454,2.458061016500909,0,0.5902762476049207,-1260.571233668349,-6.907755278982137
17.68971668633173,2.537815974566827,0,0.6047622049748832,-1259.6197671821044,-6.907755278982137
17.570345863620233,2.5857039212000217,0,0.61051633073185,-1259.453254386007,-6.907755278982137
17.568165970505298,2.5506627223009595,0,0.6248892790223639,-1259.5615148671009,-6.907755278982137
17.7095127869022,2.561765709162663,0,0.622885240934131,-1259.3603914308087,-6.907755278982137
17.778122960388398,2.721844329387271,0,0.622885240934131,-1258.764695516437,-6.907755278982137
17.773309956288053,2.7797407966931234,0,0.622885240934131,-1258.95069224584,-6.907755278982137
17.758400575105142,2.690336725398368,0,0.622885240934131,-1258.7765767710089,-6.907755278982137
17.888983679965694,2.6372219137675703,0,0.622885240934131,-1258.7786139622408,-6.907755278982137
17.87113057930938,2.606586195587859,0,0.5974981632636093,-1259.1529253687795,-6.907755278982137
17.864351311611255,2.5769912925076985,0,0.6134362769650903,-1259.084499310692,-6.907755278982137
17.993548384277876,2.5769912925076985,0,0.6114345495118296,-1258.9726527861803,-6.907755278982137
18.02089180127319,2.48967511006967,0,0.6114345495118296,-1259.8103358791518,-6.907755278982137
17.9130434069691,2.5221692250616767,0,0.6114345495118296,-1259.488969294255,-6.907755278982137
17.800524233598,2.3699386291500417,0,0.6114345495118296,-1261.69720653491,-6.907755278982137
17.724922476421533,2.4423410857335175,0,0.5938630017285222,-1260.605824853095,-6.907755278982137
17.829601066343333,2.438109111830856,0,0.6423664821648054,-1261.7486893079315,-6.907755278982137
17.864770391583285,2.503499372480387,0,0.6423664821648054,-1260.677532484152,-6.907755278982137
17.87579265861324,2.6580773203570915,0,0.6423664821648054,-1259.0665396513448,-6.907755278982137
18.158247737373998,2.641961220387981,0,0.6423664821648054,-1259.3433239942008,-6.907755278982137
18.09252045630634,2.641961220387981,0,0.558450873833388,-1260.809485960334,-6.907755278982137
18.081936304659475,2.6334812694695797,0,0.558450873833388,-1260.813706425125,-6.907755278982137
17.88578148973732,2.6334812694695797,0,0.6346798251308032,-1258.996089835365,-6.907755278982137
17.91292583846245,2.6631730014842385,0,0.6346798251308032,-1258.8317591159134,-6.907755278982137
17.8129235790821,2.600359592275775,0,0.6346798251308032,-1259.2305386312548,-6.907755278982137
17.871939204704056,2.681343096702143,0,0.6346798251308032,-1258.7688699932241,-6.907755278982137
17.774708074904094,2.5998418220223534,0,0.6314621192303648,-1259.1654793887544,-6.907755278982137
17.778413170765454,2.5998418220223534,0,0.5844945702661969,-1259.9079928077085,-6.907755278982137
17.88697006045464,2.7052611180762445,0,0.5844945702661969,-1259.8508092398317,-6.907755278982137
17.919960570431353,2.665195343042792,0,0.6039342449598926,-1258.8221954159326,-6.907755278982137
17.9430707063833,2.7305293750591564,0,0.6039342449598926,-1258.8942127281168,-6.907755278982137
17.9430707063833,2.6911376611727564,0,0.6039342449598926,-1258.7953342422452,-6.907755278982137
18.033625291430496,2.6911376611727564,0,0.6275594738859565,-1258.5625663006597,-6.907755278982137
18.030906255782146,2.7850571527013734,0,0.6454612658014347,-1258.8315095196647,-6.907755278982137
17.94430431148446,2.778180979895328,0,0.6454612658014347,-1258.8358558203367,-6.907755278982137
18.063617339716437,2.778180979895328,0,0.6454612658014347,-1258.8321120555372,-6.907755278982137
18.21340771540095,2.84184693428849,0,0.6454612658014347,-1258.9208592420932,-6.907755278982137
18.227255622617317,2.774374676859193,0,0.6454612658014347,-1258.880261636856,-6.907755278982137
18.472107151474013,2.818602485582658,0,0.6364724942146878,-1258.6348207984033,-6.907755278982137
18.421978365975523,2.9132887458316192,0,0.6364724942146878,-1259.0208747911,-6.907755278982137
18.369622885480396,2.8749124068206173,0,0.6577666604123591,-1259.5393292416045,-6.907755278982137
18.289475445387332,2.7434021473704924,0,0.6577666604123591,-1259.6693797771889,-6.907755278982137
18.213664151951324,2.6328134021046044,0,0.6577666604123591,-1260.4679668780066,-6.907755278982137
18.209467043262137,2.6328134021046044,0,0.6444049785822756,-1259.5871739393706,-6.907755278982137
18.25196782404594,2.6620427265437794,0,0.5663258806817119,-1259.7138360363983,-6.907755278982137
18.25196782404594,2.73375613556009,0,0.6016519277266033,-1258.3856868466041,-6.907755278982137
18.194632894123252,2.692682314964823,0,0.6016519277266033,-1258.4172999376335,-6.907755278982137
18.1538459107888,2.7789922345619065,0,0.6383617670672295,-1258.6412968520242,-6.907755278982137
18.076268221564785,2.825236754166467,0,0.6179031074061372,-1258.7874339497932,-6.907755278982137
18.12618494211964,2.736224683097924,0,0.5962274259557974,-1258.7823444692874,-6.907755278982137
18.164835498149692,2.7696830991077572,0,0.6376020685433088,-1258.6208328474672,-6.907755278982137
18.131094614659432,2.6652576834741883,0,0.6349766613419066,-1258.8499590138988,-6.907755278982137
18.131516254094144,2.6478681196362124,0,0.6197003803686889,-1258.5635271828655,-6.907755278982137
18.115092606257928,2.6478681196362124,0,0.5918548194106201,-1258.7841429778937,-6.907755278982137
17.929502654961286,2.677898066737247,0,0.5918548194106201,-1259.2268093158164,-6.907755278982137
17.945171956870585,2.647173297696088,0,0.6012150605289539,-1258.8509134715184,-6.907755278982137
18.001235364627256,2.5910013491064,0,0.6072760316045255,-1258.8734665048435,-6.907755278982137
18.054572267277493,2.6259340522179704,0,0.6340078983180978,-1259.0552222574363,-6.907755278982137
18.130002785733176,2.470189137054611,0,0.6340078983180978,-1261.0759383095392,-6.907755278982137
18.130002785733176,2.4216069960673017,0,0.6340078983180978,-1262.000479913687,-6.907755278982137
18.14539915626907,2.425846214110879,0,0.6340078983180978,-1261.9393114992301,-6.907755278982137
18.245019398833247,2.425846214110879,0,0.6286429407518308,-1261.7417316476665,-6.907755278982137
18.132881773054415,2.3909446093196807,0,0.5896208662912268,-1260.8992066729688,-6.907755278982137
18.132881773054415,2.3909446093196807,0,0.5913857492649393,-1260.911816422333,-6.907755278982137
18.067159782846726,2.382413343542373,0,0.5913857492649393,-1261.089420226416,-6.907755278982137
18.034299417514298,2.531136852737667,0,0.5913857492649393,-1259.372512481034,-6.907755278982137
18.15230981453824,2.531136852737667,0,0.5913857492649393,-1259.2099933354807,-6.907755278982137
18.117780018990203,2.531136852737667,0,0.6287409751652647,-1259.8573657920192,-6.907755278982137
18.145630421407798,2.5684186990378843,0,0.657160421060693,-1261.1309417200187,-6.907755278982137
18.224552351195793,2.5684186990378843,0,0.6367162268251987,-1259.8819380796313,-6.907755278982137
18.224552351195793,2.5412535055723136,0,0.5777860710828515,-1259.318808912995,-6.907755278982137
18.123572151672853,2.5412535055723136,0,0.5777860710828515,-1259.5225341458686,-6.907755278982137
18.014504753544337,2.5194083896395503,0,0.6309232225402042,-1260.034177036454,-6.907755278982137
18.022226808437864,2.557003995152696,0,0.6309232225402042,-1259.576484568327,-6.907755278982137
17.913141872855437,2.648044934520917,0,0.6309232225402042,-1258.8261626725796,-6.907755278982137
17.913141872855437,2.592816060611266,0,0.6161877861030866,-1258.9525846874778,-6.907755278982137
18.041465404353236,2.5001467779633337,0,0.6195427149342928,-1259.8804076545025,-6.907755278982137
18.11117584955841,2.5362715832231886,0,0.6195427149342928,-1259.453095446869,-6.907755278982137
18.20650694446185,2.6125968930509575,0,0.6195427149342928,-1258.7522779556539,-6.907755278982137
18.333874974658837,2.6125968930509575,0,0.555375451405757,-1260.1174537869438,-6.907755278982137
18.334885232213217,2.605511779466144,0,0.6481438252386125,-1260.314287026558,-6.907755278982137
18.223595468210448,2.678808095501508,0,0.6424476052962402,-1259.1277249167756,-6.907755278982137
18.113552752251756,2.6704884664836586,0,0.6424476052962402,-1259.09952423507,-6.907755278982137
18.136992150280886,2.600119890897425,0,0.6048201034954851,-1258.6946643906117,-6.907755278982137
18.210243238331596,2.5534832147084456,0,0.6048201034954851,-1258.9693073630058,-6.907755278982137
18.223819813307713,2.673363478190526,0,0.6048201034954851,-1258.3521130589286,-6.907755278982137
18.229155733906012,2.533196171604442,0,0.6048201034954851,-1259.150288377765,-6.907755278982137
18.221560326942836,2.7250942292618157,0,0.6048201034954851,-1258.3605509430738,-6.907755278982137
18.21032734473263,2.7250942292618157,0,0.6048201034954851,-1258.3771328608473,-6.907755278982137
18.208007447408974,2.685695310661723,0,0.5975653636111349,-1258.4701418114003,-6.907755278982137
18.089640665944586,2.685695310661723,0,0.5975653636111349,-1258.681452945042,-6.907755278982137
18.091015590854305,2.485503738575498,0,0.5975653636111349,-1259.6751206550246,-6.907755278982137
18.067489831334036,2.4871879373384793,0,0.6215246534133934,-1260.13534982531,-6.907755278982137
17.989812841905348,2.532545267957436,0,0.6215246534133934,-1259.5363676037507,-6.907755278982137
18.054324644405877,2.5662210259494733,0,0.6161511277778106,-1259.0779748904272,-6.907755278982137
18.057413871011587,2.5582518844722015,0,0.5832465122245163,-1259.3875358454557,-6.907755278982137
18.035684333929606,2.4769933170037453,0,0.5947824769836118,-1259.8212795319218,-6.907755278982137
17.997518481266926,2.4769933170037453,0,0.5925227744065565,-1259.8792730174516,-6.907755278982137
17.875853130389707,2.5257591161893,0,0.5687971419550485,-1260.6780483590142,-6.907755278982137
17.954156731250798,2.5765810191615035,0,0.5822043665832874,-1259.5966265058594,-6.907755278982137
17.871553679163398,2.5765810191615035,0,0.5822043665832874,-1259.8030915608706,-6.907755278982137
18.088544488289326,2.563568126252102,0,0.5822043665832874,-1259.3373767458475,-6.907755278982137
18.20117133166542,2.563568126252102,0,0.5822043665832874,-1259.1171431629439,-6.907755278982137
18.132439728877713,2.5405401616619905,0,0.5822043665832874,-1259.3623418241373,-6.907755278982137
18.119266575257626,2.525579980308735,0,0.5822043665832874,-1259.477333465745,-6.907755278982137
18.03064020045656,2.474274153808003,0,0.5822043665832874,-1260.0350298557191,-6.907755278982137
17.974104242901596,2.545272189646428,0,0.5863538938885099,-1259.5143702077103,-6.907755278982137
17.974104242901596,2.5042446957228,0,0.5527288861007663,-1261.611245292662,-6.907755278982137
18.101815091526703,2.488592301656613,0,0.5527288861007663,-1261.22600142478,-6.907755278982137
18.1423915787406,2.516287428977426,0,0.5527288861007663,-1260.9976030687342,-6.907755278982137
18.241765019408078,2.395967013401699,0,0.5527288861007663,-1261.51399455137,-6.907755278982137
18.341459394794313,2.387623910919446,0,0.5527288861007663,-1261.3714043644711,-6.907755278982137
18.302263272372436,2.387623910919446,0,0.5527288861007663,-1261.461234668478,-6.907755278982137
18.350237158090387,2.4316675706845317,0,0.5820103122002425,-1260.117680068624,-6.907755278982137
18.307665043706862,2.455699824045003,0,0.5861626833215402,-1259.8387253378216,-6.907755278982137
18.442531333948036,2.386785788852081,0,0.5896787437964566,-1260.8759147352698,-6.907755278982137
18.40316763381586,2.474768753526752,0,0.5896787437964566,-1259.5518001328776,-6.907755278982137
18.40316763381586,2.5591066900366624,0,0.5896787437964566,-1258.7319559127463,-6.907755278982137
18.47257774605085,2.575299969194004,0,0.5911551336429133,-1258.5506480927456,-6.907755278982137
18.563610815547207,2.575299969194004,0,0.5911551336429133,-1258.4788981334107,-6.907755278982137
18.598893251794152,2.46469266533317,0,0.5913648420415286,-1259.6576261292205,-6.907755278982137
18.460602446177308,2.453999903331094,0,0.5913648420415286,-1259.826522769905,-6.907755278982137
18.34992352922712,2.453999903331094,0,0.5887096520209347,-1259.8395144122603,-6.907755278982137
18.291268210680943,2.355770055616798,0,0.5887096520209347,-1261.4421177035572,-6.907755278982137
18.183111727946006,2.3392110004466873,0,0.5588403810482874,-1262.0988967089354,-6.907755278982137
18.007007415009323,2.3936995758419193,0,0.5588403810482874,-1261.8053257735614,-6.907755278982137
17.90193828954389,2.3016181024231868,0,0.5605333908025201,-1263.2051815761713,-6.907755278982137
17.89980997679276,2.3016181024231868,0,0.6001462906080944,-1262.8230377566056,-6.907755278982137
17.861077003888106,2.430992806409408,0,0.5875726476248924,-1260.6447577496162,-6.907755278982137
17.77444315096939,2.405684687783741,0,0.5875726476248924,-1261.0892806171696,-6.907755278982137
17.739101177197877,2.4843559625264513,0,0.5875726476248924,-1260.3408280102701,-6.907755278982137
17.822730875003856,2.3776444351227823,0,0.5875726476248924,-1261.4102622963626,-6.907755278982137
17.779773225718245,2.386162107376468,0,0.6447176026278252,-1262.8907167138825,-6.907755278982137
17.65323956260079,2.525342437573471,0,0.5645671319405839,-1261.743939780279,-6.907755278982137
17.776220865688686,2.437977497760183,0,0.6550140317856219,-1262.5073945381585,-6.907755278982137
17.73955501296463,2.5342603979053355,0,0.6550140317856219,-1260.7781914064904,-6.907755278982137
17.775164546746666,2.6035906886296045,0,0.571043234516559,-1260.8009327935474,-6.907755278982137
17.71565795783696,2.665528845845358,0,0.571043234516559,-1261.2688634537656,-6.907755278982137
17.787885792659754,2.6432856402156233,0,0.571043234516559,-1260.8759021363805,-6.907755278982137
17.87058204886806,2.7306139212112464,0,0.571043234516559,-1261.1357597492024,-6.907755278982137
17.80407616344227,2.6626738304114284,0,0.582704579666508,-1260.0363116472581,-6.907755278982137
17.827763902598484,2.5678960488523757,0,0.6157370568992407,-1259.183891282283,-6.907755278982137
17.844006565682875,2.6385123214564103,0,0.6157370568992407,-1258.8062852513783,-6.907755278982137
17.757450100326295,2.592163090840586,0,0.6157370568992407,-1259.0974361759224,-6.907755278982137
17.809655313883567,2.5481699861110974,0,0.5593518272915541,-1261.5907687908893,-6.907755278982137
17.7596410823079,2.660606563644945,0,0.5593518272915541,-1262.2098434884876,-6.907755278982137
17.7596410823079,2.6615868210197657,0,0.6553656609261407,-1259.4793514297592,-6.907755278982137
17.7596410823079,2.757926568322683,0,0.6018131640286715,-1259.5709829441473,-6.907755278982137
17.75998100927867,2.757926568322683,0,0.64785464598889,-1258.9235663482475,-6.907755278982137
17.694283196929707,2.7627647428361817,0,0.6479420658313868,-1258.9523904564119,-6.907755278982137
17.694283196929707,2.8247177689960816,0,0.6257419949013825,-1259.3135904525202,-6.907755278982137
17.775248442604173,2.8247177689960816,0,0.6485411580811631,-1259.055747809243,-6.907755278982137
17.775248442604173,2.945197431455091,0,0.6485411580811631,-1259.9377511654002,-6.907755278982137
17.942131593525076,2.844408406658304,0,0.6304296505557575,-1258.9567419057948,-6.907755278982137
17.986206732051418,2.865256422453597,0,0.6304296505557575,-1259.0435463284857,-6.907755278982137
18.12214560046717,2.865256422453597,0,0.6876351165480864,-1261.0496275611072,-6.907755278982137
18.06826356025005,2.773985280208576,0,0.6683696896508584,-1259.880145574235,-6.907755278982137
17.998872315061373,2.758771441966415,0,0.6370630785929654,-1258.6461642147578,-6.907755278982137
17.998872315061373,2.9042506493433016,0,0.6513366971046739,-1259.391268667644,-6.907755278982137
18.063337747557245,2.9855159512979124,0,0.6650898220271177,-1260.3117821282594,-6.907755278982137
18.132059199479645,2.921116824300226,0,0.6915635721217703,-1261.3589332022846,-6.907755278982137
18.11205318740031,2.9238476327123717,0,0.6463939340594229,-1259.4027315376406,-6.907755278982137
18.02476623878935,2.873292123729467,0,0.6681494579407956,-1259.7630684047574,-6.907755278982137
18.01822471191951,2.773143422614461,0,0.6420663050818189,-1258.7443518805605,-6.907755278982137
18.032610286900066,2.811852361943564,0,0.6964239043572207,-1261.7320365816472,-6.907755278982137
18.09581304115531,2.838696858457224,0,0.6463557246575885,-1258.9415168600667,-6.907755278982137
17.95000341104818,2.7499427797805867,0,0.6463557246575885,-1258.870398829876,-6.907755278982137
17.970403513081653,2.698028851951161,0,0.6259593641165109,-1258.5647572490366,-6.907755278982137
18.0155908179376,2.7800647905696154,0,0.6259593641165109,-1258.581370622591,-6.907755278982137
18.022625814217918,2.7800647905696154,0,0.629799889270765,-1258.5809709653245,-6.907755278982137
18.11409697412823,2.6944260464974787,0,0.5895326140433528,-1258.9216243861192,-6.907755278982137
18.176364507460114,2.6437906167481904,0,0.6748222727476647,-1261.6701717528083,-6.907755278982137
18.176364507460114,2.77313229709729,0,0.6158611291031479,-1258.4175393125965,-6.907755278982137
18.239234850496754,2.791699217436835,0,0.6158611291031479,-1258.4060071646536,-6.907755278982137
18.202430927597792,2.791699217436835,0,0.6724313179342554,-1260.2866870517091,-6.907755278982137
18.155238490065493,2.8020755593410342,0,0.6756781967739625,-1260.3939234191046,-6.907755278982137
18.10473489744158,2.862034011934344,0,0.6353687924787373,-1258.881521671778,-6.907755278982137
18.185222279919103,2.7826479595207543,0,0.6353687924787373,-1258.5705367202884,-6.907755278982137
18.127037544647816,2.7756500400789914,0,0.6353687924787373,-1258.5802966957103,-6.907755278982137
18.22396579058847,2.7606968437078567,0,0.6356008821031683,-1258.5711798376753,-6.907755278982137
18.20757039346064,2.722700359026951,0,0.6356008821031683,-1258.6392257319185,-6.907755278982137
18.30397028189807,2.7883349709569267,0,0.6138865435370342,-1258.3281846954017,-6.907755278982137
18.299874393297983,2.711391942325322,0,0.6039543026639504,-1258.248801181014,-6.907755278982137
18.30842060569942,2.764064072632063,0,0.6039543026639504,-1258.3464949400036,-6.907755278982137
18.2270537084375,2.9230845854665346,0,0.6802663922669256,-1260.749310323267,-6.907755278982137
18.163121801786822,2.9644776108661417,0,0.61758922446413,-1260.0667537295528,-6.907755278982137
18.074941069253033,2.8893557109836863,0,0.6585434191671476,-1259.4709404239475,-6.907755278982137
18.109618239410032,3.041689151896078,0,0.6585434191671476,-1260.7846786388388,-6.907755278982137
18.109618239410032,3.038490701285893,0,0.6464567637314438,-1260.6896550609179,-6.907755278982137
18.170054124787654,2.895862159224811,0,0.6499161753588414,-1259.2598228058253,-6.907755278982137
18.09612895893492,2.932130813614201,0,0.6499161753588414,-1259.5264906655939,-6.907755278982137
18.196914174527247,2.8893586428529305,0,0.6499161753588414,-1259.2238861541941,-6.907755278982137
18.234433860170405,2.9354724899595883,0,0.6499161753588414,-1259.5013391221228,-6.907755278982137
18.154297468554425,2.8823987530154036,0,0.6499161753588414,-1259.1930162355002,-6.907755278982137
18.214483801252026,2.8381032843242027,0,0.6424953762941792,-1258.831604847758,-6.907755278982137
18.306800333258415,2.735336329745839,0,0.6424953762941792,-1258.9017572348405,-6.907755278982137
18.285894830916874,2.728484720737239,0,0.6424953762941792,-1258.9139176757851,-6.907755278982137
18.335970564355886,2.7188331049854537,0,0.5739489161417244,-1259.2240033966343,-6.907755278982137
18.37893001782281,2.726517628031625,0,0.5726754325248694,-1259.2196491948914,-6.907755278982137
18.521024266680165,2.726517628031625,0,0.5726754325248694,-1258.827757964492,-6.907755278982137
18.582835962468465,2.794783917936323,0,0.5857323084715947,-1258.490192421634,-6.907755278982137
18.608198526956656,2.7012909075942733,0,0.5857323084715947,-1258.0816483763356,-6.907755278982137
18.67429612694129,2.805193294106991,0,0.5857323084715947,-1258.3683495326109,-6.907755278982137
18.774668472064008,2.8059177967475892,0,0.5857323084715947,-1258.1776748233822,-6.907755278982137
18.82041362254507,2.7872479031245865,0,0.6135825385332043,-1257.9856959631215,-6.907755278982137
18.737700857797353,2.711283285386667,0,0.6135825385332043,-1258.0889919784995,-6.907755278982137
18.80624096209877,2.8622231092299044,0,0.6135825385332043,-1258.2105014169351,-6.907755278982137
18.714201300355647,2.8622231092299044,0,0.6222793717435559,-1258.3768697982157,-6.907755278982137
19.006771922301116,2.808569375902745,0,0.6083353301270402,-1257.8658888207754,-6.907755278982137
19.022796735420073,2.808569375902745,0,0.6107608971690666,-1257.9201759613125,-6.907755278982137
18.994503343970305,2.821624515145069,0,0.6059244229651457,-1257.8574140737348,-6.907755278982137
19.165114463881856,2.821624515145069,0,0.6169046566389944,-1258.166470042369,-6.907755278982137
19.05130670833968,2.821624515145069,0,0.5938144153642306,-1257.7455891547474,-6.907755278982137
19.135753215428128,2.9367303351766143,0,0.6224010132918137,-1258.7317199665235,-6.907755278982137
19.036746665207485,2.9367303351766143,0,0.6224010132918137,-1258.732206917638,-6.907755278982137
18.98080039414252,2.934631788782762,0,0.6224010132918137,-1258.7258813287679,-6.907755278982137
18.986220552921736,2.893091406349049,0,0.5838523254365963,-1258.563987657389,-6.907755278982137
18.820278416985946,2.8144792063369914,0,0.6137673578200982,-1258.0295069988085,-6.907755278982137
18.882219557121356,2.8144792063369914,0,0.6137673578200982,-1258.0150170806187,-6.907755278982137
18.916070162592874,2.806932867275574,0,0.5749139166363201,-1258.2735598308732,-6.907755278982137
18.896598868850003,2.8585891699219568,0,0.5749139166363201,-1258.7783993733317,-6.907755278982137
18.935417850789555,2.9519482789639624,0,0.5749139166363201,-1259.8958580458648,-6.907755278982137
18.868316376823703,2.8386196743036356,0,0.5749139166363201,-1258.6492068659495,-6.907755278982137
18.96058611394763,2.7983855024755537,0,0.5883964998422939,-1257.7875750208766,-6.907755278982137
18.901437341852677,2.7720184836048474,0,0.5883964998422939,-1257.7634832313493,-6.907755278982137
18.887055614309947,2.680965768941137,0,0.5754294802840338,-1257.8581236386624,-6.907755278982137
18.887055614309947,2.7832572372469087,0,0.5743155226865554,-1258.2003139916426,-6.907755278982137
19.04836708190308,2.729860653413878,0,0.5743155226865554,-1257.6833989137642,-6.907755278982137
19.11920698179378,2.7372077998277495,0,0.5743155226865554,-1257.59318756854,-6.907755278982137
19.02628000525429,2.76715824754188,0,0.6029327727039091,-1257.7182210880815,-6.907755278982137
19.11805015320587,2.9063102375543797,0,0.6029327727039091,-1258.2008539298083,-6.907755278982137
19.149437421565665,2.7574822084396935,0,0.603795049763209,-1257.7391555054176,-6.907755278982137
19.140056756011525,2.7938422594179357,0,0.5576881080134735,-1258.4814369858875,-6.907755278982137
19.090555876482252,2.7209728878893653,0,0.5576881080134735,-1258.1616210594725,-6.907755278982137
19.06494836132112,2.599844797638883,0,0.512895194467891,-1261.5414462136666,-6.907755278982137
19.10332161010169,2.5968693483276457,0,0.5384185192234634,-1259.0077972260287,-6.907755278982137
19.01147486243436,2.567986260094561,0,0.5384185192234634,-1259.2889006947153,-6.907755278982137
19.116221506363924,2.5958520003330117,0,0.5916132056217639,-1258.2008563436195,-6.907755278982137
19.257774658842763,2.5958520003330117,0,0.5386717458972649,-1258.5974056760087,-6.907755278982137
19.24192200345287,2.5389620745951267,0,0.5478766024931296,-1258.4489152801384,-6.907755278982137
19.16247026768136,2.6050754341468974,0,0.552910464183496,-1258.1302517363956,-6.907755278982137
19.234338410870862,2.6050754341468974,0,0.552910464183496,-1258.0023130229708,-6.907755278982137
19.2668484277596,2.6320466453421067,0,0.5565511698161039,-1257.7738658595124,-6.907755278982137
19.42572688547739,2.6773738001206806,0,0.5844199878036002,-1257.4733893036682,-6.907755278982137
19.393898914777292,2.6773738001206806,0,0.5844199878036002,-1257.4746672576755,-6.907755278982137
19.34214148818368,2.7264501003694037,0,0.5844199878036002,-1257.3452595802169,-6.907755278982137
19.50892191374421,2.7264501003694037,0,0.5844199878036002,-1257.2992203015635,-6.907755278982137
19.30515096195175,2.82253996592046,0,0.5844199878036002,-1257.5321199189,-6.907755278982137
19.212779912907287,2.7661478586839703,0,0.6129953753070116,-1258.0915469303482,-6.907755278982137
19.253191191971823,2.7661478586839703,0,0.5810335436072083,-1257.4111699620044,-6.907755278982137
19.27154778510931,2.7667795993618753,0,0.5810335436072083,-1257.3945784579234,-6.907755278982137
19.359788946132856,2.6913396505946503,0,0.5810335436072083,-1257.3693468998024,-6.907755278982137
19.378398156103152,2.6394086930933036,0,0.5810335436072083,-1257.6019215823674,-6.907755278982137
19.420327216347054,2.6394086930933036,0,0.5295271282689884,-1258.7793301684676,-6.907755278982137
19.420327216347054,2.5532534963987388,0,0.5295271282689884,-1258.8319018403156,-6.907755278982137
19.381374583402465,2.5241080705818892,0,0.5911997063811246,-1259.2194549347373,-6.907755278982137
19.33531282746254,2.623079256980642,0,0.5911997063811246,-1258.0289645813405,-6.907755278982137
19.309752899629224,2.5513725602772794,0,0.5911997063811246,-1258.7746621894696,-6.907755278982137
19.251945533987826,2.5513725602772794,0,0.5904842884825778,-1258.6970649861457,-6.907755278982137
19.251945533987826,2.6445415516035835,0,0.5384521651027683,-1258.634928632018,-6.907755278982137
19.29638304812722,2.5942210068882074,0,0.5384521651027683,-1258.5200496913112,-6.907755278982137
19.357630107549817,2.627478392495457,0,0.6007265871891271,-1258.4601659756086,-6.907755278982137
19.403960738483946,2.6445901148070137,0,0.5536411922242148,-1257.6115754938257,-6.907755278982137
19.523111181389606,2.576668597477223,0,0.5848564317623187,-1258.3308057035701,-6.907755278982137
19.524270476224977,2.6566112804415796,0,0.5868837566073595,-1257.6897108831345,-6.907755278982137
19.56199292376446,2.7221317420908067,0,0.5431366965452111,-1257.8134097478282,-6.907755278982137
19.63860180128144,2.627233891849649,0,0.6007691806469678,-1258.8275137828257,-6.907755278982137
19.705737591867734,2.558779456911406,0,0.5606777525102875,-1257.7855523345256,-6.907755278982137
19.80282234839157,2.632313458558269,0,0.5606777525102875,-1257.1995778648065,-6.907755278982137
19.80763174173456,2.563771125710425,0,0.5606777525102875,-1257.7237794152304,-6.907755278982137
